city,location_id,location_name,sensor_id,pollutant,value,unit,latitude,longitude,timestamp_utc,country,source
,13,"Delhi Technological University, Delhi - CPCB",13866,"{'id': 5, 'name': 'no2', 'units': 'µg/m³', 'displayName': None}",11.3,,28.744,77.12,,IN,OpenAQ v3
,13,"Delhi Technological University, Delhi - CPCB",13866,"{'id': 5, 'name': 'no2', 'units': 'µg/m³', 'displayName': None}",8.6,,28.744,77.12,,IN,OpenAQ v3
,13,"Delhi Technological University, Delhi - CPCB",13866,"{'id': 5, 'name': 'no2', 'units': 'µg/m³', 'displayName': None}",8.6,,28.744,77.12,,IN,OpenAQ v3
,13,"Delhi Technological University, Delhi - CPCB",13866,"{'id': 5, 'name': 'no2', 'units': 'µg/m³', 'displayName': None}",9.3,,28.744,77.12,,IN,OpenAQ v3
,13,"Delhi Technological University, Delhi - CPCB",13866,"{'id': 5, 'name': 'no2', 'units': 'µg/m³', 'displayName': None}",10.6,,28.744,77.12,,IN,OpenAQ v3
,13,"Delhi Technological University, Delhi - CPCB",13864,"{'id': 2, 'name': 'pm25', 'units': 'µg/m³', 'displayName': None}",300.0,,28.744,77.12,,IN,OpenAQ v3
,13,"Delhi Technological University, Delhi - CPCB",13864,"{'id': 2, 'name': 'pm25', 'units': 'µg/m³', 'displayName': None}",93.0,,28.744,77.12,,IN,OpenAQ v3
,13,"Delhi Technological University, Delhi - CPCB",13864,"{'id': 2, 'name': 'pm25', 'units': 'µg/m³', 'displayName': None}",93.0,,28.744,77.12,,IN,OpenAQ v3
,13,"Delhi Technological University, Delhi - CPCB",13864,"{'id': 2, 'name': 'pm25', 'units': 'µg/m³', 'displayName': None}",93.0,,28.744,77.12,,IN,OpenAQ v3
,13,"Delhi Technological University, Delhi - CPCB",13864,"{'id': 2, 'name': 'pm25', 'units': 'µg/m³', 'displayName': None}",93.0,,28.744,77.12,,IN,OpenAQ v3
,17,"R K Puram, Delhi - DPCC",392,"{'id': 4, 'name': 'co', 'units': 'µg/m³', 'displayName': None}",5900.0,,28.563262,77.186937,,IN,OpenAQ v3
,17,"R K Puram, Delhi - DPCC",392,"{'id': 4, 'name': 'co', 'units': 'µg/m³', 'displayName': None}",7800.0,,28.563262,77.186937,,IN,OpenAQ v3
,17,"R K Puram, Delhi - DPCC",392,"{'id': 4, 'name': 'co', 'units': 'µg/m³', 'displayName': None}",8700.0,,28.563262,77.186937,,IN,OpenAQ v3
,17,"R K Puram, Delhi - DPCC",392,"{'id': 4, 'name': 'co', 'units': 'µg/m³', 'displayName': None}",8400.0,,28.563262,77.186937,,IN,OpenAQ v3
,17,"R K Puram, Delhi - DPCC",392,"{'id': 4, 'name': 'co', 'units': 'µg/m³', 'displayName': None}",9600.0,,28.563262,77.186937,,IN,OpenAQ v3
,17,"R K Puram, Delhi - DPCC",12234782,"{'id': 102, 'name': 'co', 'units': 'ppb', 'displayName': None}",1.69,,28.563262,77.186937,,IN,OpenAQ v3
,17,"R K Puram, Delhi - DPCC",12234782,"{'id': 102, 'name': 'co', 'units': 'ppb', 'displayName': None}",1.6,,28.563262,77.186937,,IN,OpenAQ v3
,17,"R K Puram, Delhi - DPCC",12234782,"{'id': 102, 'name': 'co', 'units': 'ppb', 'displayName': None}",1.2,,28.563262,77.186937,,IN,OpenAQ v3
,17,"R K Puram, Delhi - DPCC",12234782,"{'id': 102, 'name': 'co', 'units': 'ppb', 'displayName': None}",1.29,,28.563262,77.186937,,IN,OpenAQ v3
,17,"R K Puram, Delhi - DPCC",12234782,"{'id': 102, 'name': 'co', 'units': 'ppb', 'displayName': None}",1.2,,28.563262,77.186937,,IN,OpenAQ v3
,17,"R K Puram, Delhi - DPCC",12234784,"{'id': 15, 'name': 'no2', 'units': 'ppb', 'displayName': None}",39.3,,28.563262,77.186937,,IN,OpenAQ v3
,17,"R K Puram, Delhi - DPCC",12234784,"{'id': 15, 'name': 'no2', 'units': 'ppb', 'displayName': None}",43.2,,28.563262,77.186937,,IN,OpenAQ v3
,17,"R K Puram, Delhi - DPCC",12234784,"{'id': 15, 'name': 'no2', 'units': 'ppb', 'displayName': None}",40.6,,28.563262,77.186937,,IN,OpenAQ v3
,17,"R K Puram, Delhi - DPCC",12234784,"{'id': 15, 'name': 'no2', 'units': 'ppb', 'displayName': None}",39.0,,28.563262,77.186937,,IN,OpenAQ v3
,17,"R K Puram, Delhi - DPCC",12234784,"{'id': 15, 'name': 'no2', 'units': 'ppb', 'displayName': None}",52.8,,28.563262,77.186937,,IN,OpenAQ v3
,17,"R K Puram, Delhi - DPCC",36,"{'id': 5, 'name': 'no2', 'units': 'µg/m³', 'displayName': None}",155.9,,28.563262,77.186937,,IN,OpenAQ v3
,17,"R K Puram, Delhi - DPCC",36,"{'id': 5, 'name': 'no2', 'units': 'µg/m³', 'displayName': None}",140.5,,28.563262,77.186937,,IN,OpenAQ v3
,17,"R K Puram, Delhi - DPCC",36,"{'id': 5, 'name': 'no2', 'units': 'µg/m³', 'displayName': None}",137.0,,28.563262,77.186937,,IN,OpenAQ v3
,17,"R K Puram, Delhi - DPCC",36,"{'id': 5, 'name': 'no2', 'units': 'µg/m³', 'displayName': None}",130.4,,28.563262,77.186937,,IN,OpenAQ v3
,17,"R K Puram, Delhi - DPCC",36,"{'id': 5, 'name': 'no2', 'units': 'µg/m³', 'displayName': None}",127.1,,28.563262,77.186937,,IN,OpenAQ v3
,17,"R K Puram, Delhi - DPCC",12234785,"{'id': 3, 'name': 'o3', 'units': 'µg/m³', 'displayName': None}",15.9,,28.563262,77.186937,,IN,OpenAQ v3
,17,"R K Puram, Delhi - DPCC",12234785,"{'id': 3, 'name': 'o3', 'units': 'µg/m³', 'displayName': None}",16.1,,28.563262,77.186937,,IN,OpenAQ v3
,17,"R K Puram, Delhi - DPCC",12234785,"{'id': 3, 'name': 'o3', 'units': 'µg/m³', 'displayName': None}",16.2,,28.563262,77.186937,,IN,OpenAQ v3
,17,"R K Puram, Delhi - DPCC",12234785,"{'id': 3, 'name': 'o3', 'units': 'µg/m³', 'displayName': None}",15.2,,28.563262,77.186937,,IN,OpenAQ v3
,17,"R K Puram, Delhi - DPCC",12234785,"{'id': 3, 'name': 'o3', 'units': 'µg/m³', 'displayName': None}",15.3,,28.563262,77.186937,,IN,OpenAQ v3
,17,"R K Puram, Delhi - DPCC",394,"{'id': 3, 'name': 'o3', 'units': 'µg/m³', 'displayName': None}",14.6,,28.563262,77.186937,,IN,OpenAQ v3
,17,"R K Puram, Delhi - DPCC",394,"{'id': 3, 'name': 'o3', 'units': 'µg/m³', 'displayName': None}",15.5,,28.563262,77.186937,,IN,OpenAQ v3
,17,"R K Puram, Delhi - DPCC",394,"{'id': 3, 'name': 'o3', 'units': 'µg/m³', 'displayName': None}",19.0,,28.563262,77.186937,,IN,OpenAQ v3
,17,"R K Puram, Delhi - DPCC",394,"{'id': 3, 'name': 'o3', 'units': 'µg/m³', 'displayName': None}",17.4,,28.563262,77.186937,,IN,OpenAQ v3
,17,"R K Puram, Delhi - DPCC",394,"{'id': 3, 'name': 'o3', 'units': 'µg/m³', 'displayName': None}",14.2,,28.563262,77.186937,,IN,OpenAQ v3
,17,"R K Puram, Delhi - DPCC",399,"{'id': 1, 'name': 'pm10', 'units': 'µg/m³', 'displayName': None}",582.0,,28.563262,77.186937,,IN,OpenAQ v3
,17,"R K Puram, Delhi - DPCC",399,"{'id': 1, 'name': 'pm10', 'units': 'µg/m³', 'displayName': None}",582.0,,28.563262,77.186937,,IN,OpenAQ v3
,17,"R K Puram, Delhi - DPCC",399,"{'id': 1, 'name': 'pm10', 'units': 'µg/m³', 'displayName': None}",580.0,,28.563262,77.186937,,IN,OpenAQ v3
,17,"R K Puram, Delhi - DPCC",399,"{'id': 1, 'name': 'pm10', 'units': 'µg/m³', 'displayName': None}",580.0,,28.563262,77.186937,,IN,OpenAQ v3
,17,"R K Puram, Delhi - DPCC",399,"{'id': 1, 'name': 'pm10', 'units': 'µg/m³', 'displayName': None}",580.0,,28.563262,77.186937,,IN,OpenAQ v3
,17,"R K Puram, Delhi - DPCC",12234786,"{'id': 1, 'name': 'pm10', 'units': 'µg/m³', 'displayName': None}",182.0,,28.563262,77.186937,,IN,OpenAQ v3
,17,"R K Puram, Delhi - DPCC",12234786,"{'id': 1, 'name': 'pm10', 'units': 'µg/m³', 'displayName': None}",182.0,,28.563262,77.186937,,IN,OpenAQ v3
,17,"R K Puram, Delhi - DPCC",12234786,"{'id': 1, 'name': 'pm10', 'units': 'µg/m³', 'displayName': None}",182.0,,28.563262,77.186937,,IN,OpenAQ v3
,17,"R K Puram, Delhi - DPCC",12234786,"{'id': 1, 'name': 'pm10', 'units': 'µg/m³', 'displayName': None}",167.0,,28.563262,77.186937,,IN,OpenAQ v3
,17,"R K Puram, Delhi - DPCC",12234786,"{'id': 1, 'name': 'pm10', 'units': 'µg/m³', 'displayName': None}",167.0,,28.563262,77.186937,,IN,OpenAQ v3
,17,"R K Puram, Delhi - DPCC",12234787,"{'id': 2, 'name': 'pm25', 'units': 'µg/m³', 'displayName': None}",123.0,,28.563262,77.186937,,IN,OpenAQ v3
,17,"R K Puram, Delhi - DPCC",12234787,"{'id': 2, 'name': 'pm25', 'units': 'µg/m³', 'displayName': None}",97.0,,28.563262,77.186937,,IN,OpenAQ v3
,17,"R K Puram, Delhi - DPCC",12234787,"{'id': 2, 'name': 'pm25', 'units': 'µg/m³', 'displayName': None}",97.0,,28.563262,77.186937,,IN,OpenAQ v3
,17,"R K Puram, Delhi - DPCC",12234787,"{'id': 2, 'name': 'pm25', 'units': 'µg/m³', 'displayName': None}",97.0,,28.563262,77.186937,,IN,OpenAQ v3
,17,"R K Puram, Delhi - DPCC",12234787,"{'id': 2, 'name': 'pm25', 'units': 'µg/m³', 'displayName': None}",97.0,,28.563262,77.186937,,IN,OpenAQ v3
,17,"R K Puram, Delhi - DPCC",35,"{'id': 2, 'name': 'pm25', 'units': 'µg/m³', 'displayName': None}",195.0,,28.563262,77.186937,,IN,OpenAQ v3
,17,"R K Puram, Delhi - DPCC",35,"{'id': 2, 'name': 'pm25', 'units': 'µg/m³', 'displayName': None}",195.0,,28.563262,77.186937,,IN,OpenAQ v3
,17,"R K Puram, Delhi - DPCC",35,"{'id': 2, 'name': 'pm25', 'units': 'µg/m³', 'displayName': None}",252.0,,28.563262,77.186937,,IN,OpenAQ v3
,17,"R K Puram, Delhi - DPCC",35,"{'id': 2, 'name': 'pm25', 'units': 'µg/m³', 'displayName': None}",252.0,,28.563262,77.186937,,IN,OpenAQ v3
,17,"R K Puram, Delhi - DPCC",35,"{'id': 2, 'name': 'pm25', 'units': 'µg/m³', 'displayName': None}",252.0,,28.563262,77.186937,,IN,OpenAQ v3
,17,"R K Puram, Delhi - DPCC",393,"{'id': 6, 'name': 'so2', 'units': 'µg/m³', 'displayName': None}",53.2,,28.563262,77.186937,,IN,OpenAQ v3
,17,"R K Puram, Delhi - DPCC",393,"{'id': 6, 'name': 'so2', 'units': 'µg/m³', 'displayName': None}",54.6,,28.563262,77.186937,,IN,OpenAQ v3
,17,"R K Puram, Delhi - DPCC",393,"{'id': 6, 'name': 'so2', 'units': 'µg/m³', 'displayName': None}",54.6,,28.563262,77.186937,,IN,OpenAQ v3
,17,"R K Puram, Delhi - DPCC",393,"{'id': 6, 'name': 'so2', 'units': 'µg/m³', 'displayName': None}",57.5,,28.563262,77.186937,,IN,OpenAQ v3
,17,"R K Puram, Delhi - DPCC",393,"{'id': 6, 'name': 'so2', 'units': 'µg/m³', 'displayName': None}",63.5,,28.563262,77.186937,,IN,OpenAQ v3
,17,"R K Puram, Delhi - DPCC",12234789,"{'id': 101, 'name': 'so2', 'units': 'ppb', 'displayName': None}",37.5,,28.563262,77.186937,,IN,OpenAQ v3
,17,"R K Puram, Delhi - DPCC",12234789,"{'id': 101, 'name': 'so2', 'units': 'ppb', 'displayName': None}",37.8,,28.563262,77.186937,,IN,OpenAQ v3
,17,"R K Puram, Delhi - DPCC",12234789,"{'id': 101, 'name': 'so2', 'units': 'ppb', 'displayName': None}",31.0,,28.563262,77.186937,,IN,OpenAQ v3
,17,"R K Puram, Delhi - DPCC",12234789,"{'id': 101, 'name': 'so2', 'units': 'ppb', 'displayName': None}",32.1,,28.563262,77.186937,,IN,OpenAQ v3
,17,"R K Puram, Delhi - DPCC",12234789,"{'id': 101, 'name': 'so2', 'units': 'ppb', 'displayName': None}",31.9,,28.563262,77.186937,,IN,OpenAQ v3
,50,"Punjabi Bagh, Delhi - DPCC",398,"{'id': 4, 'name': 'co', 'units': 'µg/m³', 'displayName': None}",2900.0,,28.674045,77.131023,,IN,OpenAQ v3
,50,"Punjabi Bagh, Delhi - DPCC",398,"{'id': 4, 'name': 'co', 'units': 'µg/m³', 'displayName': None}",3400.0,,28.674045,77.131023,,IN,OpenAQ v3
,50,"Punjabi Bagh, Delhi - DPCC",398,"{'id': 4, 'name': 'co', 'units': 'µg/m³', 'displayName': None}",3500.0,,28.674045,77.131023,,IN,OpenAQ v3
,50,"Punjabi Bagh, Delhi - DPCC",398,"{'id': 4, 'name': 'co', 'units': 'µg/m³', 'displayName': None}",4000.0,,28.674045,77.131023,,IN,OpenAQ v3
,50,"Punjabi Bagh, Delhi - DPCC",398,"{'id': 4, 'name': 'co', 'units': 'µg/m³', 'displayName': None}",4300.0,,28.674045,77.131023,,IN,OpenAQ v3
,50,"Punjabi Bagh, Delhi - DPCC",12234791,"{'id': 102, 'name': 'co', 'units': 'ppb', 'displayName': None}",1.13,,28.674045,77.131023,,IN,OpenAQ v3
,50,"Punjabi Bagh, Delhi - DPCC",12234791,"{'id': 102, 'name': 'co', 'units': 'ppb', 'displayName': None}",1.18,,28.674045,77.131023,,IN,OpenAQ v3
,50,"Punjabi Bagh, Delhi - DPCC",12234791,"{'id': 102, 'name': 'co', 'units': 'ppb', 'displayName': None}",1.11,,28.674045,77.131023,,IN,OpenAQ v3
,50,"Punjabi Bagh, Delhi - DPCC",12234791,"{'id': 102, 'name': 'co', 'units': 'ppb', 'displayName': None}",1.08,,28.674045,77.131023,,IN,OpenAQ v3
,50,"Punjabi Bagh, Delhi - DPCC",12234791,"{'id': 102, 'name': 'co', 'units': 'ppb', 'displayName': None}",1.05,,28.674045,77.131023,,IN,OpenAQ v3
,50,"Punjabi Bagh, Delhi - DPCC",12234793,"{'id': 15, 'name': 'no2', 'units': 'ppb', 'displayName': None}",41.1,,28.674045,77.131023,,IN,OpenAQ v3
,50,"Punjabi Bagh, Delhi - DPCC",12234793,"{'id': 15, 'name': 'no2', 'units': 'ppb', 'displayName': None}",39.9,,28.674045,77.131023,,IN,OpenAQ v3
,50,"Punjabi Bagh, Delhi - DPCC",12234793,"{'id': 15, 'name': 'no2', 'units': 'ppb', 'displayName': None}",38.6,,28.674045,77.131023,,IN,OpenAQ v3
,50,"Punjabi Bagh, Delhi - DPCC",12234793,"{'id': 15, 'name': 'no2', 'units': 'ppb', 'displayName': None}",39.0,,28.674045,77.131023,,IN,OpenAQ v3
,50,"Punjabi Bagh, Delhi - DPCC",12234793,"{'id': 15, 'name': 'no2', 'units': 'ppb', 'displayName': None}",38.7,,28.674045,77.131023,,IN,OpenAQ v3
,50,"Punjabi Bagh, Delhi - DPCC",400,"{'id': 5, 'name': 'no2', 'units': 'µg/m³', 'displayName': None}",143.2,,28.674045,77.131023,,IN,OpenAQ v3
,50,"Punjabi Bagh, Delhi - DPCC",400,"{'id': 5, 'name': 'no2', 'units': 'µg/m³', 'displayName': None}",145.2,,28.674045,77.131023,,IN,OpenAQ v3
,50,"Punjabi Bagh, Delhi - DPCC",400,"{'id': 5, 'name': 'no2', 'units': 'µg/m³', 'displayName': None}",146.6,,28.674045,77.131023,,IN,OpenAQ v3
,50,"Punjabi Bagh, Delhi - DPCC",400,"{'id': 5, 'name': 'no2', 'units': 'µg/m³', 'displayName': None}",144.6,,28.674045,77.131023,,IN,OpenAQ v3
,50,"Punjabi Bagh, Delhi - DPCC",400,"{'id': 5, 'name': 'no2', 'units': 'µg/m³', 'displayName': None}",134.9,,28.674045,77.131023,,IN,OpenAQ v3
,50,"Punjabi Bagh, Delhi - DPCC",71,"{'id': 3, 'name': 'o3', 'units': 'µg/m³', 'displayName': None}",10.5,,28.674045,77.131023,,IN,OpenAQ v3
,50,"Punjabi Bagh, Delhi - DPCC",71,"{'id': 3, 'name': 'o3', 'units': 'µg/m³', 'displayName': None}",14.2,,28.674045,77.131023,,IN,OpenAQ v3
,50,"Punjabi Bagh, Delhi - DPCC",71,"{'id': 3, 'name': 'o3', 'units': 'µg/m³', 'displayName': None}",17.6,,28.674045,77.131023,,IN,OpenAQ v3
,50,"Punjabi Bagh, Delhi - DPCC",71,"{'id': 3, 'name': 'o3', 'units': 'µg/m³', 'displayName': None}",16.8,,28.674045,77.131023,,IN,OpenAQ v3
,50,"Punjabi Bagh, Delhi - DPCC",71,"{'id': 3, 'name': 'o3', 'units': 'µg/m³', 'displayName': None}",17.5,,28.674045,77.131023,,IN,OpenAQ v3
,50,"Punjabi Bagh, Delhi - DPCC",12234794,"{'id': 3, 'name': 'o3', 'units': 'µg/m³', 'displayName': None}",1.8,,28.674045,77.131023,,IN,OpenAQ v3
,50,"Punjabi Bagh, Delhi - DPCC",12234794,"{'id': 3, 'name': 'o3', 'units': 'µg/m³', 'displayName': None}",2.2,,28.674045,77.131023,,IN,OpenAQ v3
,50,"Punjabi Bagh, Delhi - DPCC",12234794,"{'id': 3, 'name': 'o3', 'units': 'µg/m³', 'displayName': None}",1.3,,28.674045,77.131023,,IN,OpenAQ v3
,50,"Punjabi Bagh, Delhi - DPCC",12234794,"{'id': 3, 'name': 'o3', 'units': 'µg/m³', 'displayName': None}",1.5,,28.674045,77.131023,,IN,OpenAQ v3
,50,"Punjabi Bagh, Delhi - DPCC",12234794,"{'id': 3, 'name': 'o3', 'units': 'µg/m³', 'displayName': None}",2.2,,28.674045,77.131023,,IN,OpenAQ v3
,50,"Punjabi Bagh, Delhi - DPCC",12234795,"{'id': 1, 'name': 'pm10', 'units': 'µg/m³', 'displayName': None}",194.0,,28.674045,77.131023,,IN,OpenAQ v3
,50,"Punjabi Bagh, Delhi - DPCC",12234795,"{'id': 1, 'name': 'pm10', 'units': 'µg/m³', 'displayName': None}",168.0,,28.674045,77.131023,,IN,OpenAQ v3
,50,"Punjabi Bagh, Delhi - DPCC",12234795,"{'id': 1, 'name': 'pm10', 'units': 'µg/m³', 'displayName': None}",168.0,,28.674045,77.131023,,IN,OpenAQ v3
,50,"Punjabi Bagh, Delhi - DPCC",12234795,"{'id': 1, 'name': 'pm10', 'units': 'µg/m³', 'displayName': None}",168.0,,28.674045,77.131023,,IN,OpenAQ v3
,50,"Punjabi Bagh, Delhi - DPCC",12234795,"{'id': 1, 'name': 'pm10', 'units': 'µg/m³', 'displayName': None}",168.0,,28.674045,77.131023,,IN,OpenAQ v3
,50,"Punjabi Bagh, Delhi - DPCC",395,"{'id': 1, 'name': 'pm10', 'units': 'µg/m³', 'displayName': None}",308.0,,28.674045,77.131023,,IN,OpenAQ v3
,50,"Punjabi Bagh, Delhi - DPCC",395,"{'id': 1, 'name': 'pm10', 'units': 'µg/m³', 'displayName': None}",308.0,,28.674045,77.131023,,IN,OpenAQ v3
,50,"Punjabi Bagh, Delhi - DPCC",395,"{'id': 1, 'name': 'pm10', 'units': 'µg/m³', 'displayName': None}",432.0,,28.674045,77.131023,,IN,OpenAQ v3
,50,"Punjabi Bagh, Delhi - DPCC",395,"{'id': 1, 'name': 'pm10', 'units': 'µg/m³', 'displayName': None}",432.0,,28.674045,77.131023,,IN,OpenAQ v3
,50,"Punjabi Bagh, Delhi - DPCC",395,"{'id': 1, 'name': 'pm10', 'units': 'µg/m³', 'displayName': None}",432.0,,28.674045,77.131023,,IN,OpenAQ v3
,50,"Punjabi Bagh, Delhi - DPCC",12234796,"{'id': 2, 'name': 'pm25', 'units': 'µg/m³', 'displayName': None}",95.0,,28.674045,77.131023,,IN,OpenAQ v3
,50,"Punjabi Bagh, Delhi - DPCC",12234796,"{'id': 2, 'name': 'pm25', 'units': 'µg/m³', 'displayName': None}",119.0,,28.674045,77.131023,,IN,OpenAQ v3
,50,"Punjabi Bagh, Delhi - DPCC",12234796,"{'id': 2, 'name': 'pm25', 'units': 'µg/m³', 'displayName': None}",119.0,,28.674045,77.131023,,IN,OpenAQ v3
,50,"Punjabi Bagh, Delhi - DPCC",12234796,"{'id': 2, 'name': 'pm25', 'units': 'µg/m³', 'displayName': None}",119.0,,28.674045,77.131023,,IN,OpenAQ v3
,50,"Punjabi Bagh, Delhi - DPCC",12234796,"{'id': 2, 'name': 'pm25', 'units': 'µg/m³', 'displayName': None}",119.0,,28.674045,77.131023,,IN,OpenAQ v3
,50,"Punjabi Bagh, Delhi - DPCC",396,"{'id': 2, 'name': 'pm25', 'units': 'µg/m³', 'displayName': None}",124.0,,28.674045,77.131023,,IN,OpenAQ v3
,50,"Punjabi Bagh, Delhi - DPCC",396,"{'id': 2, 'name': 'pm25', 'units': 'µg/m³', 'displayName': None}",124.0,,28.674045,77.131023,,IN,OpenAQ v3
,50,"Punjabi Bagh, Delhi - DPCC",396,"{'id': 2, 'name': 'pm25', 'units': 'µg/m³', 'displayName': None}",203.0,,28.674045,77.131023,,IN,OpenAQ v3
,50,"Punjabi Bagh, Delhi - DPCC",396,"{'id': 2, 'name': 'pm25', 'units': 'µg/m³', 'displayName': None}",203.0,,28.674045,77.131023,,IN,OpenAQ v3
,50,"Punjabi Bagh, Delhi - DPCC",396,"{'id': 2, 'name': 'pm25', 'units': 'µg/m³', 'displayName': None}",203.0,,28.674045,77.131023,,IN,OpenAQ v3
,50,"Punjabi Bagh, Delhi - DPCC",12234798,"{'id': 101, 'name': 'so2', 'units': 'ppb', 'displayName': None}",44.2,,28.674045,77.131023,,IN,OpenAQ v3
,50,"Punjabi Bagh, Delhi - DPCC",12234798,"{'id': 101, 'name': 'so2', 'units': 'ppb', 'displayName': None}",41.2,,28.674045,77.131023,,IN,OpenAQ v3
,50,"Punjabi Bagh, Delhi - DPCC",12234798,"{'id': 101, 'name': 'so2', 'units': 'ppb', 'displayName': None}",43.0,,28.674045,77.131023,,IN,OpenAQ v3
,50,"Punjabi Bagh, Delhi - DPCC",12234798,"{'id': 101, 'name': 'so2', 'units': 'ppb', 'displayName': None}",45.6,,28.674045,77.131023,,IN,OpenAQ v3
,50,"Punjabi Bagh, Delhi - DPCC",12234798,"{'id': 101, 'name': 'so2', 'units': 'ppb', 'displayName': None}",47.7,,28.674045,77.131023,,IN,OpenAQ v3
,50,"Punjabi Bagh, Delhi - DPCC",397,"{'id': 6, 'name': 'so2', 'units': 'µg/m³', 'displayName': None}",22.6,,28.674045,77.131023,,IN,OpenAQ v3
,50,"Punjabi Bagh, Delhi - DPCC",397,"{'id': 6, 'name': 'so2', 'units': 'µg/m³', 'displayName': None}",24.0,,28.674045,77.131023,,IN,OpenAQ v3
,50,"Punjabi Bagh, Delhi - DPCC",397,"{'id': 6, 'name': 'so2', 'units': 'µg/m³', 'displayName': None}",24.0,,28.674045,77.131023,,IN,OpenAQ v3
,50,"Punjabi Bagh, Delhi - DPCC",397,"{'id': 6, 'name': 'so2', 'units': 'µg/m³', 'displayName': None}",23.7,,28.674045,77.131023,,IN,OpenAQ v3
,50,"Punjabi Bagh, Delhi - DPCC",397,"{'id': 6, 'name': 'so2', 'units': 'µg/m³', 'displayName': None}",21.3,,28.674045,77.131023,,IN,OpenAQ v3
,103,"Income Tax Office, Delhi - CPCB",13863,"{'id': 5, 'name': 'no2', 'units': 'µg/m³', 'displayName': None}",101.2,,28.623499999999996,77.2494,,IN,OpenAQ v3
,103,"Income Tax Office, Delhi - CPCB",13863,"{'id': 5, 'name': 'no2', 'units': 'µg/m³', 'displayName': None}",47.2,,28.623499999999996,77.2494,,IN,OpenAQ v3
,103,"Income Tax Office, Delhi - CPCB",13863,"{'id': 5, 'name': 'no2', 'units': 'µg/m³', 'displayName': None}",29.1,,28.623499999999996,77.2494,,IN,OpenAQ v3
,103,"Income Tax Office, Delhi - CPCB",13863,"{'id': 5, 'name': 'no2', 'units': 'µg/m³', 'displayName': None}",44.4,,28.623499999999996,77.2494,,IN,OpenAQ v3
,103,"Income Tax Office, Delhi - CPCB",13863,"{'id': 5, 'name': 'no2', 'units': 'µg/m³', 'displayName': None}",43.7,,28.623499999999996,77.2494,,IN,OpenAQ v3
,103,"Income Tax Office, Delhi - CPCB",13862,"{'id': 1, 'name': 'pm10', 'units': 'µg/m³', 'displayName': None}",345.0,,28.623499999999996,77.2494,,IN,OpenAQ v3
,103,"Income Tax Office, Delhi - CPCB",13862,"{'id': 1, 'name': 'pm10', 'units': 'µg/m³', 'displayName': None}",143.0,,28.623499999999996,77.2494,,IN,OpenAQ v3
,103,"Income Tax Office, Delhi - CPCB",13862,"{'id': 1, 'name': 'pm10', 'units': 'µg/m³', 'displayName': None}",133.0,,28.623499999999996,77.2494,,IN,OpenAQ v3
,103,"Income Tax Office, Delhi - CPCB",13862,"{'id': 1, 'name': 'pm10', 'units': 'µg/m³', 'displayName': None}",126.0,,28.623499999999996,77.2494,,IN,OpenAQ v3
,103,"Income Tax Office, Delhi - CPCB",13862,"{'id': 1, 'name': 'pm10', 'units': 'µg/m³', 'displayName': None}",128.0,,28.623499999999996,77.2494,,IN,OpenAQ v3
,103,"Income Tax Office, Delhi - CPCB",13861,"{'id': 2, 'name': 'pm25', 'units': 'µg/m³', 'displayName': None}",219.0,,28.623499999999996,77.2494,,IN,OpenAQ v3
,103,"Income Tax Office, Delhi - CPCB",13861,"{'id': 2, 'name': 'pm25', 'units': 'µg/m³', 'displayName': None}",96.0,,28.623499999999996,77.2494,,IN,OpenAQ v3
,103,"Income Tax Office, Delhi - CPCB",13861,"{'id': 2, 'name': 'pm25', 'units': 'µg/m³', 'displayName': None}",86.0,,28.623499999999996,77.2494,,IN,OpenAQ v3
,103,"Income Tax Office, Delhi - CPCB",13861,"{'id': 2, 'name': 'pm25', 'units': 'µg/m³', 'displayName': None}",77.0,,28.623499999999996,77.2494,,IN,OpenAQ v3
,103,"Income Tax Office, Delhi - CPCB",13861,"{'id': 2, 'name': 'pm25', 'units': 'µg/m³', 'displayName': None}",75.0,,28.623499999999996,77.2494,,IN,OpenAQ v3
,235,"Anand Vihar, New Delhi - DPCC",12235605,"{'id': 102, 'name': 'co', 'units': 'ppb', 'displayName': None}",1.17,,28.646835,77.316032,,IN,OpenAQ v3
,235,"Anand Vihar, New Delhi - DPCC",12235605,"{'id': 102, 'name': 'co', 'units': 'ppb', 'displayName': None}",1.15,,28.646835,77.316032,,IN,OpenAQ v3
,235,"Anand Vihar, New Delhi - DPCC",12235605,"{'id': 102, 'name': 'co', 'units': 'ppb', 'displayName': None}",1.12,,28.646835,77.316032,,IN,OpenAQ v3
,235,"Anand Vihar, New Delhi - DPCC",12235605,"{'id': 102, 'name': 'co', 'units': 'ppb', 'displayName': None}",1.05,,28.646835,77.316032,,IN,OpenAQ v3
,235,"Anand Vihar, New Delhi - DPCC",12235605,"{'id': 102, 'name': 'co', 'units': 'ppb', 'displayName': None}",1.15,,28.646835,77.316032,,IN,OpenAQ v3
,235,"Anand Vihar, New Delhi - DPCC",385,"{'id': 4, 'name': 'co', 'units': 'µg/m³', 'displayName': None}",2800.0,,28.646835,77.316032,,IN,OpenAQ v3
,235,"Anand Vihar, New Delhi - DPCC",385,"{'id': 4, 'name': 'co', 'units': 'µg/m³', 'displayName': None}",1000.0,,28.646835,77.316032,,IN,OpenAQ v3
,235,"Anand Vihar, New Delhi - DPCC",385,"{'id': 4, 'name': 'co', 'units': 'µg/m³', 'displayName': None}",1100.0,,28.646835,77.316032,,IN,OpenAQ v3
,235,"Anand Vihar, New Delhi - DPCC",385,"{'id': 4, 'name': 'co', 'units': 'µg/m³', 'displayName': None}",600.0,,28.646835,77.316032,,IN,OpenAQ v3
,235,"Anand Vihar, New Delhi - DPCC",385,"{'id': 4, 'name': 'co', 'units': 'µg/m³', 'displayName': None}",500.0,,28.646835,77.316032,,IN,OpenAQ v3
,235,"Anand Vihar, New Delhi - DPCC",12235607,"{'id': 15, 'name': 'no2', 'units': 'ppb', 'displayName': None}",60.6,,28.646835,77.316032,,IN,OpenAQ v3
,235,"Anand Vihar, New Delhi - DPCC",12235607,"{'id': 15, 'name': 'no2', 'units': 'ppb', 'displayName': None}",56.5,,28.646835,77.316032,,IN,OpenAQ v3
,235,"Anand Vihar, New Delhi - DPCC",12235607,"{'id': 15, 'name': 'no2', 'units': 'ppb', 'displayName': None}",53.5,,28.646835,77.316032,,IN,OpenAQ v3
,235,"Anand Vihar, New Delhi - DPCC",12235607,"{'id': 15, 'name': 'no2', 'units': 'ppb', 'displayName': None}",50.3,,28.646835,77.316032,,IN,OpenAQ v3
,235,"Anand Vihar, New Delhi - DPCC",12235607,"{'id': 15, 'name': 'no2', 'units': 'ppb', 'displayName': None}",60.8,,28.646835,77.316032,,IN,OpenAQ v3
,235,"Anand Vihar, New Delhi - DPCC",382,"{'id': 5, 'name': 'no2', 'units': 'µg/m³', 'displayName': None}",166.2,,28.646835,77.316032,,IN,OpenAQ v3
,235,"Anand Vihar, New Delhi - DPCC",382,"{'id': 5, 'name': 'no2', 'units': 'µg/m³', 'displayName': None}",80.0,,28.646835,77.316032,,IN,OpenAQ v3
,235,"Anand Vihar, New Delhi - DPCC",382,"{'id': 5, 'name': 'no2', 'units': 'µg/m³', 'displayName': None}",71.9,,28.646835,77.316032,,IN,OpenAQ v3
,235,"Anand Vihar, New Delhi - DPCC",382,"{'id': 5, 'name': 'no2', 'units': 'µg/m³', 'displayName': None}",66.1,,28.646835,77.316032,,IN,OpenAQ v3
,235,"Anand Vihar, New Delhi - DPCC",382,"{'id': 5, 'name': 'no2', 'units': 'µg/m³', 'displayName': None}",63.8,,28.646835,77.316032,,IN,OpenAQ v3
,235,"Anand Vihar, New Delhi - DPCC",12235608,"{'id': 3, 'name': 'o3', 'units': 'µg/m³', 'displayName': None}",4.5,,28.646835,77.316032,,IN,OpenAQ v3
,235,"Anand Vihar, New Delhi - DPCC",12235608,"{'id': 3, 'name': 'o3', 'units': 'µg/m³', 'displayName': None}",4.6,,28.646835,77.316032,,IN,OpenAQ v3
,235,"Anand Vihar, New Delhi - DPCC",12235608,"{'id': 3, 'name': 'o3', 'units': 'µg/m³', 'displayName': None}",5.0,,28.646835,77.316032,,IN,OpenAQ v3
,235,"Anand Vihar, New Delhi - DPCC",12235608,"{'id': 3, 'name': 'o3', 'units': 'µg/m³', 'displayName': None}",5.1,,28.646835,77.316032,,IN,OpenAQ v3
,235,"Anand Vihar, New Delhi - DPCC",12235608,"{'id': 3, 'name': 'o3', 'units': 'µg/m³', 'displayName': None}",4.4,,28.646835,77.316032,,IN,OpenAQ v3
,235,"Anand Vihar, New Delhi - DPCC",380,"{'id': 3, 'name': 'o3', 'units': 'µg/m³', 'displayName': None}",13.9,,28.646835,77.316032,,IN,OpenAQ v3
,235,"Anand Vihar, New Delhi - DPCC",380,"{'id': 3, 'name': 'o3', 'units': 'µg/m³', 'displayName': None}",24.9,,28.646835,77.316032,,IN,OpenAQ v3
,235,"Anand Vihar, New Delhi - DPCC",380,"{'id': 3, 'name': 'o3', 'units': 'µg/m³', 'displayName': None}",32.2,,28.646835,77.316032,,IN,OpenAQ v3
,235,"Anand Vihar, New Delhi - DPCC",380,"{'id': 3, 'name': 'o3', 'units': 'µg/m³', 'displayName': None}",50.8,,28.646835,77.316032,,IN,OpenAQ v3
,235,"Anand Vihar, New Delhi - DPCC",380,"{'id': 3, 'name': 'o3', 'units': 'µg/m³', 'displayName': None}",55.5,,28.646835,77.316032,,IN,OpenAQ v3
,235,"Anand Vihar, New Delhi - DPCC",12235609,"{'id': 1, 'name': 'pm10', 'units': 'µg/m³', 'displayName': None}",272.0,,28.646835,77.316032,,IN,OpenAQ v3
,235,"Anand Vihar, New Delhi - DPCC",12235609,"{'id': 1, 'name': 'pm10', 'units': 'µg/m³', 'displayName': None}",260.0,,28.646835,77.316032,,IN,OpenAQ v3
,235,"Anand Vihar, New Delhi - DPCC",12235609,"{'id': 1, 'name': 'pm10', 'units': 'µg/m³', 'displayName': None}",260.0,,28.646835,77.316032,,IN,OpenAQ v3
,235,"Anand Vihar, New Delhi - DPCC",12235609,"{'id': 1, 'name': 'pm10', 'units': 'µg/m³', 'displayName': None}",260.0,,28.646835,77.316032,,IN,OpenAQ v3
,235,"Anand Vihar, New Delhi - DPCC",12235609,"{'id': 1, 'name': 'pm10', 'units': 'µg/m³', 'displayName': None}",260.0,,28.646835,77.316032,,IN,OpenAQ v3
,235,"Anand Vihar, New Delhi - DPCC",381,"{'id': 1, 'name': 'pm10', 'units': 'µg/m³', 'displayName': None}",437.0,,28.646835,77.316032,,IN,OpenAQ v3
,235,"Anand Vihar, New Delhi - DPCC",381,"{'id': 1, 'name': 'pm10', 'units': 'µg/m³', 'displayName': None}",357.0,,28.646835,77.316032,,IN,OpenAQ v3
,235,"Anand Vihar, New Delhi - DPCC",381,"{'id': 1, 'name': 'pm10', 'units': 'µg/m³', 'displayName': None}",328.0,,28.646835,77.316032,,IN,OpenAQ v3
,235,"Anand Vihar, New Delhi - DPCC",381,"{'id': 1, 'name': 'pm10', 'units': 'µg/m³', 'displayName': None}",354.0,,28.646835,77.316032,,IN,OpenAQ v3
,235,"Anand Vihar, New Delhi - DPCC",381,"{'id': 1, 'name': 'pm10', 'units': 'µg/m³', 'displayName': None}",318.0,,28.646835,77.316032,,IN,OpenAQ v3
,235,"Anand Vihar, New Delhi - DPCC",384,"{'id': 2, 'name': 'pm25', 'units': 'µg/m³', 'displayName': None}",132.0,,28.646835,77.316032,,IN,OpenAQ v3
,235,"Anand Vihar, New Delhi - DPCC",384,"{'id': 2, 'name': 'pm25', 'units': 'µg/m³', 'displayName': None}",322.0,,28.646835,77.316032,,IN,OpenAQ v3
,235,"Anand Vihar, New Delhi - DPCC",384,"{'id': 2, 'name': 'pm25', 'units': 'µg/m³', 'displayName': None}",188.0,,28.646835,77.316032,,IN,OpenAQ v3
,235,"Anand Vihar, New Delhi - DPCC",384,"{'id': 2, 'name': 'pm25', 'units': 'µg/m³', 'displayName': None}",188.0,,28.646835,77.316032,,IN,OpenAQ v3
,235,"Anand Vihar, New Delhi - DPCC",384,"{'id': 2, 'name': 'pm25', 'units': 'µg/m³', 'displayName': None}",170.0,,28.646835,77.316032,,IN,OpenAQ v3
,235,"Anand Vihar, New Delhi - DPCC",12235610,"{'id': 2, 'name': 'pm25', 'units': 'µg/m³', 'displayName': None}",105.0,,28.646835,77.316032,,IN,OpenAQ v3
,235,"Anand Vihar, New Delhi - DPCC",12235610,"{'id': 2, 'name': 'pm25', 'units': 'µg/m³', 'displayName': None}",95.0,,28.646835,77.316032,,IN,OpenAQ v3
,235,"Anand Vihar, New Delhi - DPCC",12235610,"{'id': 2, 'name': 'pm25', 'units': 'µg/m³', 'displayName': None}",95.0,,28.646835,77.316032,,IN,OpenAQ v3
,235,"Anand Vihar, New Delhi - DPCC",12235610,"{'id': 2, 'name': 'pm25', 'units': 'µg/m³', 'displayName': None}",95.0,,28.646835,77.316032,,IN,OpenAQ v3
,235,"Anand Vihar, New Delhi - DPCC",12235610,"{'id': 2, 'name': 'pm25', 'units': 'µg/m³', 'displayName': None}",95.0,,28.646835,77.316032,,IN,OpenAQ v3
,235,"Anand Vihar, New Delhi - DPCC",12235612,"{'id': 101, 'name': 'so2', 'units': 'ppb', 'displayName': None}",5.3,,28.646835,77.316032,,IN,OpenAQ v3
,235,"Anand Vihar, New Delhi - DPCC",12235612,"{'id': 101, 'name': 'so2', 'units': 'ppb', 'displayName': None}",5.4,,28.646835,77.316032,,IN,OpenAQ v3
,235,"Anand Vihar, New Delhi - DPCC",12235612,"{'id': 101, 'name': 'so2', 'units': 'ppb', 'displayName': None}",4.7,,28.646835,77.316032,,IN,OpenAQ v3
,235,"Anand Vihar, New Delhi - DPCC",12235612,"{'id': 101, 'name': 'so2', 'units': 'ppb', 'displayName': None}",5.2,,28.646835,77.316032,,IN,OpenAQ v3
,235,"Anand Vihar, New Delhi - DPCC",12235612,"{'id': 101, 'name': 'so2', 'units': 'ppb', 'displayName': None}",7.5,,28.646835,77.316032,,IN,OpenAQ v3
,235,"Anand Vihar, New Delhi - DPCC",383,"{'id': 6, 'name': 'so2', 'units': 'µg/m³', 'displayName': None}",29.6,,28.646835,77.316032,,IN,OpenAQ v3
,235,"Anand Vihar, New Delhi - DPCC",383,"{'id': 6, 'name': 'so2', 'units': 'µg/m³', 'displayName': None}",37.1,,28.646835,77.316032,,IN,OpenAQ v3
,235,"Anand Vihar, New Delhi - DPCC",383,"{'id': 6, 'name': 'so2', 'units': 'µg/m³', 'displayName': None}",77.4,,28.646835,77.316032,,IN,OpenAQ v3
,235,"Anand Vihar, New Delhi - DPCC",383,"{'id': 6, 'name': 'so2', 'units': 'µg/m³', 'displayName': None}",36.4,,28.646835,77.316032,,IN,OpenAQ v3
,235,"Anand Vihar, New Delhi - DPCC",383,"{'id': 6, 'name': 'so2', 'units': 'µg/m³', 'displayName': None}",31.9,,28.646835,77.316032,,IN,OpenAQ v3
,236,"Mandir Marg, Delhi - DPCC",386,"{'id': 4, 'name': 'co', 'units': 'µg/m³', 'displayName': None}",2800.0,,28.6341,77.2005,,IN,OpenAQ v3
,236,"Mandir Marg, Delhi - DPCC",386,"{'id': 4, 'name': 'co', 'units': 'µg/m³', 'displayName': None}",3600.0,,28.6341,77.2005,,IN,OpenAQ v3
,236,"Mandir Marg, Delhi - DPCC",386,"{'id': 4, 'name': 'co', 'units': 'µg/m³', 'displayName': None}",4000.0,,28.6341,77.2005,,IN,OpenAQ v3
,236,"Mandir Marg, Delhi - DPCC",386,"{'id': 4, 'name': 'co', 'units': 'µg/m³', 'displayName': None}",4200.0,,28.6341,77.2005,,IN,OpenAQ v3
,236,"Mandir Marg, Delhi - DPCC",386,"{'id': 4, 'name': 'co', 'units': 'µg/m³', 'displayName': None}",4600.0,,28.6341,77.2005,,IN,OpenAQ v3
,236,"Mandir Marg, Delhi - DPCC",389,"{'id': 5, 'name': 'no2', 'units': 'µg/m³', 'displayName': None}",113.2,,28.6341,77.2005,,IN,OpenAQ v3
,236,"Mandir Marg, Delhi - DPCC",389,"{'id': 5, 'name': 'no2', 'units': 'µg/m³', 'displayName': None}",121.2,,28.6341,77.2005,,IN,OpenAQ v3
,236,"Mandir Marg, Delhi - DPCC",389,"{'id': 5, 'name': 'no2', 'units': 'µg/m³', 'displayName': None}",126.3,,28.6341,77.2005,,IN,OpenAQ v3
,236,"Mandir Marg, Delhi - DPCC",389,"{'id': 5, 'name': 'no2', 'units': 'µg/m³', 'displayName': None}",122.6,,28.6341,77.2005,,IN,OpenAQ v3
,236,"Mandir Marg, Delhi - DPCC",389,"{'id': 5, 'name': 'no2', 'units': 'µg/m³', 'displayName': None}",114.8,,28.6341,77.2005,,IN,OpenAQ v3
,236,"Mandir Marg, Delhi - DPCC",390,"{'id': 3, 'name': 'o3', 'units': 'µg/m³', 'displayName': None}",10.1,,28.6341,77.2005,,IN,OpenAQ v3
,236,"Mandir Marg, Delhi - DPCC",390,"{'id': 3, 'name': 'o3', 'units': 'µg/m³', 'displayName': None}",9.6,,28.6341,77.2005,,IN,OpenAQ v3
,236,"Mandir Marg, Delhi - DPCC",390,"{'id': 3, 'name': 'o3', 'units': 'µg/m³', 'displayName': None}",10.5,,28.6341,77.2005,,IN,OpenAQ v3
,236,"Mandir Marg, Delhi - DPCC",390,"{'id': 3, 'name': 'o3', 'units': 'µg/m³', 'displayName': None}",9.0,,28.6341,77.2005,,IN,OpenAQ v3
,236,"Mandir Marg, Delhi - DPCC",390,"{'id': 3, 'name': 'o3', 'units': 'µg/m³', 'displayName': None}",10.3,,28.6341,77.2005,,IN,OpenAQ v3
,236,"Mandir Marg, Delhi - DPCC",391,"{'id': 1, 'name': 'pm10', 'units': 'µg/m³', 'displayName': None}",285.0,,28.6341,77.2005,,IN,OpenAQ v3
,236,"Mandir Marg, Delhi - DPCC",391,"{'id': 1, 'name': 'pm10', 'units': 'µg/m³', 'displayName': None}",285.0,,28.6341,77.2005,,IN,OpenAQ v3
,236,"Mandir Marg, Delhi - DPCC",391,"{'id': 1, 'name': 'pm10', 'units': 'µg/m³', 'displayName': None}",392.0,,28.6341,77.2005,,IN,OpenAQ v3
,236,"Mandir Marg, Delhi - DPCC",391,"{'id': 1, 'name': 'pm10', 'units': 'µg/m³', 'displayName': None}",392.0,,28.6341,77.2005,,IN,OpenAQ v3
,236,"Mandir Marg, Delhi - DPCC",391,"{'id': 1, 'name': 'pm10', 'units': 'µg/m³', 'displayName': None}",392.0,,28.6341,77.2005,,IN,OpenAQ v3
,860,"Sanjay Palace, Agra - UPPCB",1545,"{'id': 2, 'name': 'pm25', 'units': 'µg/m³', 'displayName': None}",20.0,,27.19865833,78.00598056,,IN,OpenAQ v3
,860,"Sanjay Palace, Agra - UPPCB",1545,"{'id': 2, 'name': 'pm25', 'units': 'µg/m³', 'displayName': None}",16.0,,27.19865833,78.00598056,,IN,OpenAQ v3
,860,"Sanjay Palace, Agra - UPPCB",1545,"{'id': 2, 'name': 'pm25', 'units': 'µg/m³', 'displayName': None}",16.0,,27.19865833,78.00598056,,IN,OpenAQ v3
,860,"Sanjay Palace, Agra - UPPCB",1545,"{'id': 2, 'name': 'pm25', 'units': 'µg/m³', 'displayName': None}",16.0,,27.19865833,78.00598056,,IN,OpenAQ v3
,860,"Sanjay Palace, Agra - UPPCB",1545,"{'id': 2, 'name': 'pm25', 'units': 'µg/m³', 'displayName': None}",16.0,,27.19865833,78.00598056,,IN,OpenAQ v3
,860,"Sanjay Palace, Agra - UPPCB",12235664,"{'id': 101, 'name': 'so2', 'units': 'ppb', 'displayName': None}",5.8,,27.19865833,78.00598056,,IN,OpenAQ v3
,860,"Sanjay Palace, Agra - UPPCB",12235664,"{'id': 101, 'name': 'so2', 'units': 'ppb', 'displayName': None}",5.5,,27.19865833,78.00598056,,IN,OpenAQ v3
,860,"Sanjay Palace, Agra - UPPCB",12235664,"{'id': 101, 'name': 'so2', 'units': 'ppb', 'displayName': None}",5.5,,27.19865833,78.00598056,,IN,OpenAQ v3
,860,"Sanjay Palace, Agra - UPPCB",12235664,"{'id': 101, 'name': 'so2', 'units': 'ppb', 'displayName': None}",5.5,,27.19865833,78.00598056,,IN,OpenAQ v3
,860,"Sanjay Palace, Agra - UPPCB",12235664,"{'id': 101, 'name': 'so2', 'units': 'ppb', 'displayName': None}",5.5,,27.19865833,78.00598056,,IN,OpenAQ v3
,860,"Sanjay Palace, Agra - UPPCB",14322,"{'id': 6, 'name': 'so2', 'units': 'µg/m³', 'displayName': None}",6.43,,27.19865833,78.00598056,,IN,OpenAQ v3
,860,"Sanjay Palace, Agra - UPPCB",14322,"{'id': 6, 'name': 'so2', 'units': 'µg/m³', 'displayName': None}",10.36,,27.19865833,78.00598056,,IN,OpenAQ v3
,860,"Sanjay Palace, Agra - UPPCB",14322,"{'id': 6, 'name': 'so2', 'units': 'µg/m³', 'displayName': None}",9.13,,27.19865833,78.00598056,,IN,OpenAQ v3
,860,"Sanjay Palace, Agra - UPPCB",14322,"{'id': 6, 'name': 'so2', 'units': 'µg/m³', 'displayName': None}",10.47,,27.19865833,78.00598056,,IN,OpenAQ v3
,860,"Sanjay Palace, Agra - UPPCB",14322,"{'id': 6, 'name': 'so2', 'units': 'µg/m³', 'displayName': None}",6.51,,27.19865833,78.00598056,,IN,OpenAQ v3
,910,Victoria Memorial - WBSPCB,1668,"{'id': 4, 'name': 'co', 'units': 'µg/m³', 'displayName': None}",480.0,,22.572646,88.36389499999996,,IN,OpenAQ v3
,910,Victoria Memorial - WBSPCB,1668,"{'id': 4, 'name': 'co', 'units': 'µg/m³', 'displayName': None}",540.0,,22.572646,88.36389499999996,,IN,OpenAQ v3
,910,Victoria Memorial - WBSPCB,1668,"{'id': 4, 'name': 'co', 'units': 'µg/m³', 'displayName': None}",510.0,,22.572646,88.36389499999996,,IN,OpenAQ v3
,910,Victoria Memorial - WBSPCB,1668,"{'id': 4, 'name': 'co', 'units': 'µg/m³', 'displayName': None}",560.0,,22.572646,88.36389499999996,,IN,OpenAQ v3
,910,Victoria Memorial - WBSPCB,1668,"{'id': 4, 'name': 'co', 'units': 'µg/m³', 'displayName': None}",490.0,,22.572646,88.36389499999996,,IN,OpenAQ v3
,910,Victoria Memorial - WBSPCB,1670,"{'id': 5, 'name': 'no2', 'units': 'µg/m³', 'displayName': None}",20.31,,22.572646,88.36389499999996,,IN,OpenAQ v3
,910,Victoria Memorial - WBSPCB,1670,"{'id': 5, 'name': 'no2', 'units': 'µg/m³', 'displayName': None}",15.04,,22.572646,88.36389499999996,,IN,OpenAQ v3
,910,Victoria Memorial - WBSPCB,1670,"{'id': 5, 'name': 'no2', 'units': 'µg/m³', 'displayName': None}",9.48,,22.572646,88.36389499999996,,IN,OpenAQ v3
,910,Victoria Memorial - WBSPCB,1670,"{'id': 5, 'name': 'no2', 'units': 'µg/m³', 'displayName': None}",15.47,,22.572646,88.36389499999996,,IN,OpenAQ v3
,910,Victoria Memorial - WBSPCB,1670,"{'id': 5, 'name': 'no2', 'units': 'µg/m³', 'displayName': None}",14.52,,22.572646,88.36389499999996,,IN,OpenAQ v3
,910,Victoria Memorial - WBSPCB,1667,"{'id': 3, 'name': 'o3', 'units': 'µg/m³', 'displayName': None}",22.72,,22.572646,88.36389499999996,,IN,OpenAQ v3
,910,Victoria Memorial - WBSPCB,1667,"{'id': 3, 'name': 'o3', 'units': 'µg/m³', 'displayName': None}",17.54,,22.572646,88.36389499999996,,IN,OpenAQ v3
,910,Victoria Memorial - WBSPCB,1667,"{'id': 3, 'name': 'o3', 'units': 'µg/m³', 'displayName': None}",10.21,,22.572646,88.36389499999996,,IN,OpenAQ v3
,910,Victoria Memorial - WBSPCB,1667,"{'id': 3, 'name': 'o3', 'units': 'µg/m³', 'displayName': None}",32.75,,22.572646,88.36389499999996,,IN,OpenAQ v3
,910,Victoria Memorial - WBSPCB,1667,"{'id': 3, 'name': 'o3', 'units': 'µg/m³', 'displayName': None}",28.62,,22.572646,88.36389499999996,,IN,OpenAQ v3
,910,Victoria Memorial - WBSPCB,1669,"{'id': 1, 'name': 'pm10', 'units': 'µg/m³', 'displayName': None}",5.8,,22.572646,88.36389499999996,,IN,OpenAQ v3
,910,Victoria Memorial - WBSPCB,1669,"{'id': 1, 'name': 'pm10', 'units': 'µg/m³', 'displayName': None}",20.27,,22.572646,88.36389499999996,,IN,OpenAQ v3
,910,Victoria Memorial - WBSPCB,1669,"{'id': 1, 'name': 'pm10', 'units': 'µg/m³', 'displayName': None}",20.3,,22.572646,88.36389499999996,,IN,OpenAQ v3
,910,Victoria Memorial - WBSPCB,1669,"{'id': 1, 'name': 'pm10', 'units': 'µg/m³', 'displayName': None}",20.3,,22.572646,88.36389499999996,,IN,OpenAQ v3
,910,Victoria Memorial - WBSPCB,1669,"{'id': 1, 'name': 'pm10', 'units': 'µg/m³', 'displayName': None}",11.75,,22.572646,88.36389499999996,,IN,OpenAQ v3
,910,Victoria Memorial - WBSPCB,13556,"{'id': 2, 'name': 'pm25', 'units': 'µg/m³', 'displayName': None}",0.0,,22.572646,88.36389499999996,,IN,OpenAQ v3
,910,Victoria Memorial - WBSPCB,13559,"{'id': 6, 'name': 'so2', 'units': 'µg/m³', 'displayName': None}",6.88,,22.572646,88.36389499999996,,IN,OpenAQ v3
,910,Victoria Memorial - WBSPCB,13559,"{'id': 6, 'name': 'so2', 'units': 'µg/m³', 'displayName': None}",6.7,,22.572646,88.36389499999996,,IN,OpenAQ v3
,910,Victoria Memorial - WBSPCB,13559,"{'id': 6, 'name': 'so2', 'units': 'µg/m³', 'displayName': None}",5.62,,22.572646,88.36389499999996,,IN,OpenAQ v3
,910,Victoria Memorial - WBSPCB,13559,"{'id': 6, 'name': 'so2', 'units': 'µg/m³', 'displayName': None}",6.78,,22.572646,88.36389499999996,,IN,OpenAQ v3
,910,Victoria Memorial - WBSPCB,13559,"{'id': 6, 'name': 'so2', 'units': 'µg/m³', 'displayName': None}",6.49,,22.572646,88.36389499999996,,IN,OpenAQ v3
,985,Collectorate - Muzaffarpur - BSPCB,1785,"{'id': 4, 'name': 'co', 'units': 'µg/m³', 'displayName': None}",630.0,,26.0762,85.4115,,IN,OpenAQ v3
,985,Collectorate - Muzaffarpur - BSPCB,1785,"{'id': 4, 'name': 'co', 'units': 'µg/m³', 'displayName': None}",1200.0,,26.0762,85.4115,,IN,OpenAQ v3
,985,Collectorate - Muzaffarpur - BSPCB,1785,"{'id': 4, 'name': 'co', 'units': 'µg/m³', 'displayName': None}",260.0,,26.0762,85.4115,,IN,OpenAQ v3
,985,Collectorate - Muzaffarpur - BSPCB,1785,"{'id': 4, 'name': 'co', 'units': 'µg/m³', 'displayName': None}",1010.0,,26.0762,85.4115,,IN,OpenAQ v3
,985,Collectorate - Muzaffarpur - BSPCB,1785,"{'id': 4, 'name': 'co', 'units': 'µg/m³', 'displayName': None}",1720.0,,26.0762,85.4115,,IN,OpenAQ v3
,985,Collectorate - Muzaffarpur - BSPCB,1782,"{'id': 5, 'name': 'no2', 'units': 'µg/m³', 'displayName': None}",53.75,,26.0762,85.4115,,IN,OpenAQ v3
,985,Collectorate - Muzaffarpur - BSPCB,1782,"{'id': 5, 'name': 'no2', 'units': 'µg/m³', 'displayName': None}",24.23,,26.0762,85.4115,,IN,OpenAQ v3
,985,Collectorate - Muzaffarpur - BSPCB,1782,"{'id': 5, 'name': 'no2', 'units': 'µg/m³', 'displayName': None}",32.03,,26.0762,85.4115,,IN,OpenAQ v3
,985,Collectorate - Muzaffarpur - BSPCB,1782,"{'id': 5, 'name': 'no2', 'units': 'µg/m³', 'displayName': None}",22.23,,26.0762,85.4115,,IN,OpenAQ v3
,985,Collectorate - Muzaffarpur - BSPCB,1782,"{'id': 5, 'name': 'no2', 'units': 'µg/m³', 'displayName': None}",35.91,,26.0762,85.4115,,IN,OpenAQ v3
,985,Collectorate - Muzaffarpur - BSPCB,1780,"{'id': 3, 'name': 'o3', 'units': 'µg/m³', 'displayName': None}",33.62,,26.0762,85.4115,,IN,OpenAQ v3
,985,Collectorate - Muzaffarpur - BSPCB,1780,"{'id': 3, 'name': 'o3', 'units': 'µg/m³', 'displayName': None}",39.99,,26.0762,85.4115,,IN,OpenAQ v3
,985,Collectorate - Muzaffarpur - BSPCB,1780,"{'id': 3, 'name': 'o3', 'units': 'µg/m³', 'displayName': None}",39.64,,26.0762,85.4115,,IN,OpenAQ v3
,985,Collectorate - Muzaffarpur - BSPCB,1780,"{'id': 3, 'name': 'o3', 'units': 'µg/m³', 'displayName': None}",44.85,,26.0762,85.4115,,IN,OpenAQ v3
,985,Collectorate - Muzaffarpur - BSPCB,1780,"{'id': 3, 'name': 'o3', 'units': 'µg/m³', 'displayName': None}",41.51,,26.0762,85.4115,,IN,OpenAQ v3
,985,Collectorate - Muzaffarpur - BSPCB,1786,"{'id': 2, 'name': 'pm25', 'units': 'µg/m³', 'displayName': None}",69.0,,26.0762,85.4115,,IN,OpenAQ v3
,985,Collectorate - Muzaffarpur - BSPCB,1786,"{'id': 2, 'name': 'pm25', 'units': 'µg/m³', 'displayName': None}",28.0,,26.0762,85.4115,,IN,OpenAQ v3
,985,Collectorate - Muzaffarpur - BSPCB,1786,"{'id': 2, 'name': 'pm25', 'units': 'µg/m³', 'displayName': None}",28.0,,26.0762,85.4115,,IN,OpenAQ v3
,985,Collectorate - Muzaffarpur - BSPCB,1786,"{'id': 2, 'name': 'pm25', 'units': 'µg/m³', 'displayName': None}",24.0,,26.0762,85.4115,,IN,OpenAQ v3
,985,Collectorate - Muzaffarpur - BSPCB,1786,"{'id': 2, 'name': 'pm25', 'units': 'µg/m³', 'displayName': None}",21.0,,26.0762,85.4115,,IN,OpenAQ v3
,985,Collectorate - Muzaffarpur - BSPCB,1787,"{'id': 6, 'name': 'so2', 'units': 'µg/m³', 'displayName': None}",8.59,,26.0762,85.4115,,IN,OpenAQ v3
,985,Collectorate - Muzaffarpur - BSPCB,1787,"{'id': 6, 'name': 'so2', 'units': 'µg/m³', 'displayName': None}",-3.63,,26.0762,85.4115,,IN,OpenAQ v3
,985,Collectorate - Muzaffarpur - BSPCB,1787,"{'id': 6, 'name': 'so2', 'units': 'µg/m³', 'displayName': None}",-4.18,,26.0762,85.4115,,IN,OpenAQ v3
,985,Collectorate - Muzaffarpur - BSPCB,1787,"{'id': 6, 'name': 'so2', 'units': 'µg/m³', 'displayName': None}",-4.67,,26.0762,85.4115,,IN,OpenAQ v3
,985,Collectorate - Muzaffarpur - BSPCB,1787,"{'id': 6, 'name': 'so2', 'units': 'µg/m³', 'displayName': None}",7.48,,26.0762,85.4115,,IN,OpenAQ v3
,2345,VK Industrial Area Jaipur - RSPCB,4298,"{'id': 4, 'name': 'co', 'units': 'µg/m³', 'displayName': None}",490.0,,26.9738778,75.7738777777777,,IN,OpenAQ v3
,2345,VK Industrial Area Jaipur - RSPCB,4298,"{'id': 4, 'name': 'co', 'units': 'µg/m³', 'displayName': None}",520.0,,26.9738778,75.7738777777777,,IN,OpenAQ v3
,2345,VK Industrial Area Jaipur - RSPCB,4298,"{'id': 4, 'name': 'co', 'units': 'µg/m³', 'displayName': None}",520.0,,26.9738778,75.7738777777777,,IN,OpenAQ v3
,2345,VK Industrial Area Jaipur - RSPCB,4298,"{'id': 4, 'name': 'co', 'units': 'µg/m³', 'displayName': None}",520.0,,26.9738778,75.7738777777777,,IN,OpenAQ v3
,2345,VK Industrial Area Jaipur - RSPCB,4298,"{'id': 4, 'name': 'co', 'units': 'µg/m³', 'displayName': None}",510.0,,26.9738778,75.7738777777777,,IN,OpenAQ v3
,2345,VK Industrial Area Jaipur - RSPCB,4926,"{'id': 5, 'name': 'no2', 'units': 'µg/m³', 'displayName': None}",25.64,,26.9738778,75.7738777777777,,IN,OpenAQ v3
,2345,VK Industrial Area Jaipur - RSPCB,4926,"{'id': 5, 'name': 'no2', 'units': 'µg/m³', 'displayName': None}",21.81,,26.9738778,75.7738777777777,,IN,OpenAQ v3
,2345,VK Industrial Area Jaipur - RSPCB,4926,"{'id': 5, 'name': 'no2', 'units': 'µg/m³', 'displayName': None}",20.69,,26.9738778,75.7738777777777,,IN,OpenAQ v3
,2345,VK Industrial Area Jaipur - RSPCB,4926,"{'id': 5, 'name': 'no2', 'units': 'µg/m³', 'displayName': None}",19.1,,26.9738778,75.7738777777777,,IN,OpenAQ v3
,2345,VK Industrial Area Jaipur - RSPCB,4926,"{'id': 5, 'name': 'no2', 'units': 'µg/m³', 'displayName': None}",18.62,,26.9738778,75.7738777777777,,IN,OpenAQ v3
,2345,VK Industrial Area Jaipur - RSPCB,4925,"{'id': 3, 'name': 'o3', 'units': 'µg/m³', 'displayName': None}",5.52,,26.9738778,75.7738777777777,,IN,OpenAQ v3
,2345,VK Industrial Area Jaipur - RSPCB,4925,"{'id': 3, 'name': 'o3', 'units': 'µg/m³', 'displayName': None}",9.25,,26.9738778,75.7738777777777,,IN,OpenAQ v3
,2345,VK Industrial Area Jaipur - RSPCB,4925,"{'id': 3, 'name': 'o3', 'units': 'µg/m³', 'displayName': None}",8.93,,26.9738778,75.7738777777777,,IN,OpenAQ v3
,2345,VK Industrial Area Jaipur - RSPCB,4925,"{'id': 3, 'name': 'o3', 'units': 'µg/m³', 'displayName': None}",9.41,,26.9738778,75.7738777777777,,IN,OpenAQ v3
,2345,VK Industrial Area Jaipur - RSPCB,4925,"{'id': 3, 'name': 'o3', 'units': 'µg/m³', 'displayName': None}",11.21,,26.9738778,75.7738777777777,,IN,OpenAQ v3
,2345,VK Industrial Area Jaipur - RSPCB,4924,"{'id': 1, 'name': 'pm10', 'units': 'µg/m³', 'displayName': None}",177.7,,26.9738778,75.7738777777777,,IN,OpenAQ v3
,2345,VK Industrial Area Jaipur - RSPCB,4924,"{'id': 1, 'name': 'pm10', 'units': 'µg/m³', 'displayName': None}",107.3,,26.9738778,75.7738777777777,,IN,OpenAQ v3
,2345,VK Industrial Area Jaipur - RSPCB,4924,"{'id': 1, 'name': 'pm10', 'units': 'µg/m³', 'displayName': None}",107.3,,26.9738778,75.7738777777777,,IN,OpenAQ v3
,2345,VK Industrial Area Jaipur - RSPCB,4924,"{'id': 1, 'name': 'pm10', 'units': 'µg/m³', 'displayName': None}",82.1,,26.9738778,75.7738777777777,,IN,OpenAQ v3
,2345,VK Industrial Area Jaipur - RSPCB,4924,"{'id': 1, 'name': 'pm10', 'units': 'µg/m³', 'displayName': None}",78.6,,26.9738778,75.7738777777777,,IN,OpenAQ v3
,2345,VK Industrial Area Jaipur - RSPCB,4922,"{'id': 2, 'name': 'pm25', 'units': 'µg/m³', 'displayName': None}",36.3,,26.9738778,75.7738777777777,,IN,OpenAQ v3
,2345,VK Industrial Area Jaipur - RSPCB,4922,"{'id': 2, 'name': 'pm25', 'units': 'µg/m³', 'displayName': None}",30.6,,26.9738778,75.7738777777777,,IN,OpenAQ v3
,2345,VK Industrial Area Jaipur - RSPCB,4922,"{'id': 2, 'name': 'pm25', 'units': 'µg/m³', 'displayName': None}",30.6,,26.9738778,75.7738777777777,,IN,OpenAQ v3
,2345,VK Industrial Area Jaipur - RSPCB,4922,"{'id': 2, 'name': 'pm25', 'units': 'µg/m³', 'displayName': None}",45.2,,26.9738778,75.7738777777777,,IN,OpenAQ v3
,2345,VK Industrial Area Jaipur - RSPCB,4922,"{'id': 2, 'name': 'pm25', 'units': 'µg/m³', 'displayName': None}",47.4,,26.9738778,75.7738777777777,,IN,OpenAQ v3
,2345,VK Industrial Area Jaipur - RSPCB,4921,"{'id': 6, 'name': 'so2', 'units': 'µg/m³', 'displayName': None}",16.48,,26.9738778,75.7738777777777,,IN,OpenAQ v3
,2345,VK Industrial Area Jaipur - RSPCB,4921,"{'id': 6, 'name': 'so2', 'units': 'µg/m³', 'displayName': None}",9.21,,26.9738778,75.7738777777777,,IN,OpenAQ v3
,2345,VK Industrial Area Jaipur - RSPCB,4921,"{'id': 6, 'name': 'so2', 'units': 'µg/m³', 'displayName': None}",1.71,,26.9738778,75.7738777777777,,IN,OpenAQ v3
,2345,VK Industrial Area Jaipur - RSPCB,4921,"{'id': 6, 'name': 'so2', 'units': 'µg/m³', 'displayName': None}",9.59,,26.9738778,75.7738777777777,,IN,OpenAQ v3
,2345,VK Industrial Area Jaipur - RSPCB,4921,"{'id': 6, 'name': 'so2', 'units': 'µg/m³', 'displayName': None}",9.31,,26.9738778,75.7738777777777,,IN,OpenAQ v3
,2445,US Diplomatic Post: Dhaka,4680,"{'id': 2, 'name': 'pm25', 'units': 'µg/m³', 'displayName': None}",71.0,,23.797687,90.423698,,IN,OpenAQ v3
,2445,US Diplomatic Post: Dhaka,4680,"{'id': 2, 'name': 'pm25', 'units': 'µg/m³', 'displayName': None}",76.0,,23.797687,90.423698,,IN,OpenAQ v3
,2445,US Diplomatic Post: Dhaka,4680,"{'id': 2, 'name': 'pm25', 'units': 'µg/m³', 'displayName': None}",76.0,,23.797687,90.423698,,IN,OpenAQ v3
,2445,US Diplomatic Post: Dhaka,4680,"{'id': 2, 'name': 'pm25', 'units': 'µg/m³', 'displayName': None}",94.0,,23.797687,90.423698,,IN,OpenAQ v3
,2445,US Diplomatic Post: Dhaka,4680,"{'id': 2, 'name': 'pm25', 'units': 'µg/m³', 'displayName': None}",116.0,,23.797687,90.423698,,IN,OpenAQ v3
,2456,"Talkatora District Industries Center, Lucknow - CPCB",4712,"{'id': 4, 'name': 'co', 'units': 'µg/m³', 'displayName': None}",1220.0,,26.83399722,80.8917361,,IN,OpenAQ v3
,2456,"Talkatora District Industries Center, Lucknow - CPCB",4712,"{'id': 4, 'name': 'co', 'units': 'µg/m³', 'displayName': None}",1990.0,,26.83399722,80.8917361,,IN,OpenAQ v3
,2456,"Talkatora District Industries Center, Lucknow - CPCB",4712,"{'id': 4, 'name': 'co', 'units': 'µg/m³', 'displayName': None}",2180.0,,26.83399722,80.8917361,,IN,OpenAQ v3
,2456,"Talkatora District Industries Center, Lucknow - CPCB",4712,"{'id': 4, 'name': 'co', 'units': 'µg/m³', 'displayName': None}",1530.0,,26.83399722,80.8917361,,IN,OpenAQ v3
,2456,"Talkatora District Industries Center, Lucknow - CPCB",4712,"{'id': 4, 'name': 'co', 'units': 'µg/m³', 'displayName': None}",2070.0,,26.83399722,80.8917361,,IN,OpenAQ v3
,2456,"Talkatora District Industries Center, Lucknow - CPCB",12235569,"{'id': 102, 'name': 'co', 'units': 'ppb', 'displayName': None}",0.498,,26.83399722,80.8917361,,IN,OpenAQ v3
,2456,"Talkatora District Industries Center, Lucknow - CPCB",12235569,"{'id': 102, 'name': 'co', 'units': 'ppb', 'displayName': None}",0.335,,26.83399722,80.8917361,,IN,OpenAQ v3
,2456,"Talkatora District Industries Center, Lucknow - CPCB",12235569,"{'id': 102, 'name': 'co', 'units': 'ppb', 'displayName': None}",0.202,,26.83399722,80.8917361,,IN,OpenAQ v3
,2456,"Talkatora District Industries Center, Lucknow - CPCB",12235569,"{'id': 102, 'name': 'co', 'units': 'ppb', 'displayName': None}",0.279,,26.83399722,80.8917361,,IN,OpenAQ v3
,2456,"Talkatora District Industries Center, Lucknow - CPCB",12235569,"{'id': 102, 'name': 'co', 'units': 'ppb', 'displayName': None}",0.296,,26.83399722,80.8917361,,IN,OpenAQ v3
,2456,"Talkatora District Industries Center, Lucknow - CPCB",5231,"{'id': 5, 'name': 'no2', 'units': 'µg/m³', 'displayName': None}",39.82,,26.83399722,80.8917361,,IN,OpenAQ v3
,2456,"Talkatora District Industries Center, Lucknow - CPCB",5231,"{'id': 5, 'name': 'no2', 'units': 'µg/m³', 'displayName': None}",36.21,,26.83399722,80.8917361,,IN,OpenAQ v3
,2456,"Talkatora District Industries Center, Lucknow - CPCB",5231,"{'id': 5, 'name': 'no2', 'units': 'µg/m³', 'displayName': None}",35.15,,26.83399722,80.8917361,,IN,OpenAQ v3
,2456,"Talkatora District Industries Center, Lucknow - CPCB",5231,"{'id': 5, 'name': 'no2', 'units': 'µg/m³', 'displayName': None}",20.61,,26.83399722,80.8917361,,IN,OpenAQ v3
,2456,"Talkatora District Industries Center, Lucknow - CPCB",5231,"{'id': 5, 'name': 'no2', 'units': 'µg/m³', 'displayName': None}",51.81,,26.83399722,80.8917361,,IN,OpenAQ v3
,2456,"Talkatora District Industries Center, Lucknow - CPCB",12235571,"{'id': 15, 'name': 'no2', 'units': 'ppb', 'displayName': None}",50.71,,26.83399722,80.8917361,,IN,OpenAQ v3
,2456,"Talkatora District Industries Center, Lucknow - CPCB",12235571,"{'id': 15, 'name': 'no2', 'units': 'ppb', 'displayName': None}",50.65,,26.83399722,80.8917361,,IN,OpenAQ v3
,2456,"Talkatora District Industries Center, Lucknow - CPCB",12235571,"{'id': 15, 'name': 'no2', 'units': 'ppb', 'displayName': None}",51.37,,26.83399722,80.8917361,,IN,OpenAQ v3
,2456,"Talkatora District Industries Center, Lucknow - CPCB",12235571,"{'id': 15, 'name': 'no2', 'units': 'ppb', 'displayName': None}",50.65,,26.83399722,80.8917361,,IN,OpenAQ v3
,2456,"Talkatora District Industries Center, Lucknow - CPCB",12235571,"{'id': 15, 'name': 'no2', 'units': 'ppb', 'displayName': None}",51.53,,26.83399722,80.8917361,,IN,OpenAQ v3
,2456,"Talkatora District Industries Center, Lucknow - CPCB",36695,"{'id': 3, 'name': 'o3', 'units': 'µg/m³', 'displayName': None}",64.7,,26.83399722,80.8917361,,IN,OpenAQ v3
,2456,"Talkatora District Industries Center, Lucknow - CPCB",36695,"{'id': 3, 'name': 'o3', 'units': 'µg/m³', 'displayName': None}",65.31,,26.83399722,80.8917361,,IN,OpenAQ v3
,2456,"Talkatora District Industries Center, Lucknow - CPCB",36695,"{'id': 3, 'name': 'o3', 'units': 'µg/m³', 'displayName': None}",61.74,,26.83399722,80.8917361,,IN,OpenAQ v3
,2456,"Talkatora District Industries Center, Lucknow - CPCB",36695,"{'id': 3, 'name': 'o3', 'units': 'µg/m³', 'displayName': None}",64.85,,26.83399722,80.8917361,,IN,OpenAQ v3
,2456,"Talkatora District Industries Center, Lucknow - CPCB",36695,"{'id': 3, 'name': 'o3', 'units': 'µg/m³', 'displayName': None}",65.01,,26.83399722,80.8917361,,IN,OpenAQ v3
,2456,"Talkatora District Industries Center, Lucknow - CPCB",12235572,"{'id': 3, 'name': 'o3', 'units': 'µg/m³', 'displayName': None}",4.33,,26.83399722,80.8917361,,IN,OpenAQ v3
,2456,"Talkatora District Industries Center, Lucknow - CPCB",12235572,"{'id': 3, 'name': 'o3', 'units': 'µg/m³', 'displayName': None}",4.48,,26.83399722,80.8917361,,IN,OpenAQ v3
,2456,"Talkatora District Industries Center, Lucknow - CPCB",12235572,"{'id': 3, 'name': 'o3', 'units': 'µg/m³', 'displayName': None}",5.56,,26.83399722,80.8917361,,IN,OpenAQ v3
,2456,"Talkatora District Industries Center, Lucknow - CPCB",12235572,"{'id': 3, 'name': 'o3', 'units': 'µg/m³', 'displayName': None}",5.62,,26.83399722,80.8917361,,IN,OpenAQ v3
,2456,"Talkatora District Industries Center, Lucknow - CPCB",12235572,"{'id': 3, 'name': 'o3', 'units': 'µg/m³', 'displayName': None}",5.71,,26.83399722,80.8917361,,IN,OpenAQ v3
,2456,"Talkatora District Industries Center, Lucknow - CPCB",12235573,"{'id': 1, 'name': 'pm10', 'units': 'µg/m³', 'displayName': None}",141.6,,26.83399722,80.8917361,,IN,OpenAQ v3
,2456,"Talkatora District Industries Center, Lucknow - CPCB",12235573,"{'id': 1, 'name': 'pm10', 'units': 'µg/m³', 'displayName': None}",140.2,,26.83399722,80.8917361,,IN,OpenAQ v3
,2456,"Talkatora District Industries Center, Lucknow - CPCB",12235573,"{'id': 1, 'name': 'pm10', 'units': 'µg/m³', 'displayName': None}",140.2,,26.83399722,80.8917361,,IN,OpenAQ v3
,2456,"Talkatora District Industries Center, Lucknow - CPCB",12235573,"{'id': 1, 'name': 'pm10', 'units': 'µg/m³', 'displayName': None}",140.1,,26.83399722,80.8917361,,IN,OpenAQ v3
,2456,"Talkatora District Industries Center, Lucknow - CPCB",12235573,"{'id': 1, 'name': 'pm10', 'units': 'µg/m³', 'displayName': None}",137.9,,26.83399722,80.8917361,,IN,OpenAQ v3
,2456,"Talkatora District Industries Center, Lucknow - CPCB",36696,"{'id': 1, 'name': 'pm10', 'units': 'µg/m³', 'displayName': None}",72.28,,26.83399722,80.8917361,,IN,OpenAQ v3
,2456,"Talkatora District Industries Center, Lucknow - CPCB",36696,"{'id': 1, 'name': 'pm10', 'units': 'µg/m³', 'displayName': None}",62.59,,26.83399722,80.8917361,,IN,OpenAQ v3
,2456,"Talkatora District Industries Center, Lucknow - CPCB",36696,"{'id': 1, 'name': 'pm10', 'units': 'µg/m³', 'displayName': None}",62.59,,26.83399722,80.8917361,,IN,OpenAQ v3
,2456,"Talkatora District Industries Center, Lucknow - CPCB",36696,"{'id': 1, 'name': 'pm10', 'units': 'µg/m³', 'displayName': None}",55.82,,26.83399722,80.8917361,,IN,OpenAQ v3
,2456,"Talkatora District Industries Center, Lucknow - CPCB",36696,"{'id': 1, 'name': 'pm10', 'units': 'µg/m³', 'displayName': None}",55.82,,26.83399722,80.8917361,,IN,OpenAQ v3
,2456,"Talkatora District Industries Center, Lucknow - CPCB",12235574,"{'id': 2, 'name': 'pm25', 'units': 'µg/m³', 'displayName': None}",75.12,,26.83399722,80.8917361,,IN,OpenAQ v3
,2456,"Talkatora District Industries Center, Lucknow - CPCB",12235574,"{'id': 2, 'name': 'pm25', 'units': 'µg/m³', 'displayName': None}",79.37,,26.83399722,80.8917361,,IN,OpenAQ v3
,2456,"Talkatora District Industries Center, Lucknow - CPCB",12235574,"{'id': 2, 'name': 'pm25', 'units': 'µg/m³', 'displayName': None}",79.37,,26.83399722,80.8917361,,IN,OpenAQ v3
,2456,"Talkatora District Industries Center, Lucknow - CPCB",12235574,"{'id': 2, 'name': 'pm25', 'units': 'µg/m³', 'displayName': None}",79.16,,26.83399722,80.8917361,,IN,OpenAQ v3
,2456,"Talkatora District Industries Center, Lucknow - CPCB",12235574,"{'id': 2, 'name': 'pm25', 'units': 'µg/m³', 'displayName': None}",74.52,,26.83399722,80.8917361,,IN,OpenAQ v3
,2456,"Talkatora District Industries Center, Lucknow - CPCB",14237,"{'id': 2, 'name': 'pm25', 'units': 'µg/m³', 'displayName': None}",325.56,,26.83399722,80.8917361,,IN,OpenAQ v3
,2456,"Talkatora District Industries Center, Lucknow - CPCB",14237,"{'id': 2, 'name': 'pm25', 'units': 'µg/m³', 'displayName': None}",325.56,,26.83399722,80.8917361,,IN,OpenAQ v3
,2456,"Talkatora District Industries Center, Lucknow - CPCB",14237,"{'id': 2, 'name': 'pm25', 'units': 'µg/m³', 'displayName': None}",308.24,,26.83399722,80.8917361,,IN,OpenAQ v3
,2456,"Talkatora District Industries Center, Lucknow - CPCB",14237,"{'id': 2, 'name': 'pm25', 'units': 'µg/m³', 'displayName': None}",308.24,,26.83399722,80.8917361,,IN,OpenAQ v3
,2456,"Talkatora District Industries Center, Lucknow - CPCB",14237,"{'id': 2, 'name': 'pm25', 'units': 'µg/m³', 'displayName': None}",280.89,,26.83399722,80.8917361,,IN,OpenAQ v3
,2456,"Talkatora District Industries Center, Lucknow - CPCB",14238,"{'id': 6, 'name': 'so2', 'units': 'µg/m³', 'displayName': None}",2.45,,26.83399722,80.8917361,,IN,OpenAQ v3
,2456,"Talkatora District Industries Center, Lucknow - CPCB",14238,"{'id': 6, 'name': 'so2', 'units': 'µg/m³', 'displayName': None}",11.81,,26.83399722,80.8917361,,IN,OpenAQ v3
,2456,"Talkatora District Industries Center, Lucknow - CPCB",14238,"{'id': 6, 'name': 'so2', 'units': 'µg/m³', 'displayName': None}",11.67,,26.83399722,80.8917361,,IN,OpenAQ v3
,2456,"Talkatora District Industries Center, Lucknow - CPCB",14238,"{'id': 6, 'name': 'so2', 'units': 'µg/m³', 'displayName': None}",12.25,,26.83399722,80.8917361,,IN,OpenAQ v3
,2456,"Talkatora District Industries Center, Lucknow - CPCB",14238,"{'id': 6, 'name': 'so2', 'units': 'µg/m³', 'displayName': None}",10.81,,26.83399722,80.8917361,,IN,OpenAQ v3
,2456,"Talkatora District Industries Center, Lucknow - CPCB",12235576,"{'id': 101, 'name': 'so2', 'units': 'ppb', 'displayName': None}",4.42,,26.83399722,80.8917361,,IN,OpenAQ v3
,2456,"Talkatora District Industries Center, Lucknow - CPCB",12235576,"{'id': 101, 'name': 'so2', 'units': 'ppb', 'displayName': None}",6.62,,26.83399722,80.8917361,,IN,OpenAQ v3
,2456,"Talkatora District Industries Center, Lucknow - CPCB",12235576,"{'id': 101, 'name': 'so2', 'units': 'ppb', 'displayName': None}",6.82,,26.83399722,80.8917361,,IN,OpenAQ v3
,2456,"Talkatora District Industries Center, Lucknow - CPCB",12235576,"{'id': 101, 'name': 'so2', 'units': 'ppb', 'displayName': None}",6.85,,26.83399722,80.8917361,,IN,OpenAQ v3
,2456,"Talkatora District Industries Center, Lucknow - CPCB",12235576,"{'id': 101, 'name': 'so2', 'units': 'ppb', 'displayName': None}",7.32,,26.83399722,80.8917361,,IN,OpenAQ v3
,2459,US Diplomatic Post: Hyderabad,4720,"{'id': 2, 'name': 'pm25', 'units': 'µg/m³', 'displayName': None}",80.0,,17.443464,78.47489,,IN,OpenAQ v3
,2459,US Diplomatic Post: Hyderabad,4720,"{'id': 2, 'name': 'pm25', 'units': 'µg/m³', 'displayName': None}",106.0,,17.443464,78.47489,,IN,OpenAQ v3
,2459,US Diplomatic Post: Hyderabad,4720,"{'id': 2, 'name': 'pm25', 'units': 'µg/m³', 'displayName': None}",123.0,,17.443464,78.47489,,IN,OpenAQ v3
,2459,US Diplomatic Post: Hyderabad,4720,"{'id': 2, 'name': 'pm25', 'units': 'µg/m³', 'displayName': None}",133.0,,17.443464,78.47489,,IN,OpenAQ v3
,2459,US Diplomatic Post: Hyderabad,4720,"{'id': 2, 'name': 'pm25', 'units': 'µg/m³', 'displayName': None}",89.0,,17.443464,78.47489,,IN,OpenAQ v3
,2460,US Diplomatic Post: Kolkata,4724,"{'id': 2, 'name': 'pm25', 'units': 'µg/m³', 'displayName': None}",215.0,,22.547142,88.351048,,IN,OpenAQ v3
,2460,US Diplomatic Post: Kolkata,4724,"{'id': 2, 'name': 'pm25', 'units': 'µg/m³', 'displayName': None}",231.0,,22.547142,88.351048,,IN,OpenAQ v3
,2460,US Diplomatic Post: Kolkata,4724,"{'id': 2, 'name': 'pm25', 'units': 'µg/m³', 'displayName': None}",248.0,,22.547142,88.351048,,IN,OpenAQ v3
,2460,US Diplomatic Post: Kolkata,4724,"{'id': 2, 'name': 'pm25', 'units': 'µg/m³', 'displayName': None}",202.0,,22.547142,88.351048,,IN,OpenAQ v3
,2460,US Diplomatic Post: Kolkata,4724,"{'id': 2, 'name': 'pm25', 'units': 'µg/m³', 'displayName': None}",138.0,,22.547142,88.351048,,IN,OpenAQ v3
,2461,US Diplomatic Post: Chennai,4725,"{'id': 2, 'name': 'pm25', 'units': 'µg/m³', 'displayName': None}",-999.0,,13.052371,80.251932,,IN,OpenAQ v3
,2461,US Diplomatic Post: Chennai,4725,"{'id': 2, 'name': 'pm25', 'units': 'µg/m³', 'displayName': None}",-999.0,,13.052371,80.251932,,IN,OpenAQ v3
,2461,US Diplomatic Post: Chennai,4725,"{'id': 2, 'name': 'pm25', 'units': 'µg/m³', 'displayName': None}",-999.0,,13.052371,80.251932,,IN,OpenAQ v3
,2461,US Diplomatic Post: Chennai,4725,"{'id': 2, 'name': 'pm25', 'units': 'µg/m³', 'displayName': None}",-999.0,,13.052371,80.251932,,IN,OpenAQ v3
,2461,US Diplomatic Post: Chennai,4725,"{'id': 2, 'name': 'pm25', 'units': 'µg/m³', 'displayName': None}",-999.0,,13.052371,80.251932,,IN,OpenAQ v3
,2463,Central School,4734,"{'id': 4, 'name': 'co', 'units': 'µg/m³', 'displayName': None}",540.0,,26.85272778,80.99632778,,IN,OpenAQ v3
,2463,Central School,4734,"{'id': 4, 'name': 'co', 'units': 'µg/m³', 'displayName': None}",370.0,,26.85272778,80.99632778,,IN,OpenAQ v3
,2463,Central School,4734,"{'id': 4, 'name': 'co', 'units': 'µg/m³', 'displayName': None}",340.0,,26.85272778,80.99632778,,IN,OpenAQ v3
,2463,Central School,4734,"{'id': 4, 'name': 'co', 'units': 'µg/m³', 'displayName': None}",400.0,,26.85272778,80.99632778,,IN,OpenAQ v3
,2463,Central School,4734,"{'id': 4, 'name': 'co', 'units': 'µg/m³', 'displayName': None}",240.0,,26.85272778,80.99632778,,IN,OpenAQ v3
,2463,Central School,4731,"{'id': 5, 'name': 'no2', 'units': 'µg/m³', 'displayName': None}",7.11,,26.85272778,80.99632778,,IN,OpenAQ v3
,2463,Central School,4731,"{'id': 5, 'name': 'no2', 'units': 'µg/m³', 'displayName': None}",14.69,,26.85272778,80.99632778,,IN,OpenAQ v3
,2463,Central School,4731,"{'id': 5, 'name': 'no2', 'units': 'µg/m³', 'displayName': None}",12.54,,26.85272778,80.99632778,,IN,OpenAQ v3
,2463,Central School,4731,"{'id': 5, 'name': 'no2', 'units': 'µg/m³', 'displayName': None}",5.4,,26.85272778,80.99632778,,IN,OpenAQ v3
,2463,Central School,4731,"{'id': 5, 'name': 'no2', 'units': 'µg/m³', 'displayName': None}",5.49,,26.85272778,80.99632778,,IN,OpenAQ v3
,2463,Central School,4729,"{'id': 3, 'name': 'o3', 'units': 'µg/m³', 'displayName': None}",101.35,,26.85272778,80.99632778,,IN,OpenAQ v3
,2463,Central School,4729,"{'id': 3, 'name': 'o3', 'units': 'µg/m³', 'displayName': None}",39.25,,26.85272778,80.99632778,,IN,OpenAQ v3
,2463,Central School,4729,"{'id': 3, 'name': 'o3', 'units': 'µg/m³', 'displayName': None}",116.97,,26.85272778,80.99632778,,IN,OpenAQ v3
,2463,Central School,4729,"{'id': 3, 'name': 'o3', 'units': 'µg/m³', 'displayName': None}",181.33,,26.85272778,80.99632778,,IN,OpenAQ v3
,2463,Central School,4729,"{'id': 3, 'name': 'o3', 'units': 'µg/m³', 'displayName': None}",167.24,,26.85272778,80.99632778,,IN,OpenAQ v3
,2463,Central School,5326,"{'id': 2, 'name': 'pm25', 'units': 'µg/m³', 'displayName': None}",86.2,,26.85272778,80.99632778,,IN,OpenAQ v3
,2463,Central School,5326,"{'id': 2, 'name': 'pm25', 'units': 'µg/m³', 'displayName': None}",113.53,,26.85272778,80.99632778,,IN,OpenAQ v3
,2463,Central School,5326,"{'id': 2, 'name': 'pm25', 'units': 'µg/m³', 'displayName': None}",102.57,,26.85272778,80.99632778,,IN,OpenAQ v3
,2463,Central School,5326,"{'id': 2, 'name': 'pm25', 'units': 'µg/m³', 'displayName': None}",118.26,,26.85272778,80.99632778,,IN,OpenAQ v3
,2463,Central School,5326,"{'id': 2, 'name': 'pm25', 'units': 'µg/m³', 'displayName': None}",141.25,,26.85272778,80.99632778,,IN,OpenAQ v3
,2463,Central School,14364,"{'id': 6, 'name': 'so2', 'units': 'µg/m³', 'displayName': None}",5.43,,26.85272778,80.99632778,,IN,OpenAQ v3
,2463,Central School,14364,"{'id': 6, 'name': 'so2', 'units': 'µg/m³', 'displayName': None}",2.78,,26.85272778,80.99632778,,IN,OpenAQ v3
,2463,Central School,14364,"{'id': 6, 'name': 'so2', 'units': 'µg/m³', 'displayName': None}",2.87,,26.85272778,80.99632778,,IN,OpenAQ v3
,2463,Central School,14364,"{'id': 6, 'name': 'so2', 'units': 'µg/m³', 'displayName': None}",3.52,,26.85272778,80.99632778,,IN,OpenAQ v3
,2463,Central School,14364,"{'id': 6, 'name': 'so2', 'units': 'µg/m³', 'displayName': None}",4.99,,26.85272778,80.99632778,,IN,OpenAQ v3
,2503,"Shadipur, Delhi - CPCB",4851,"{'id': 4, 'name': 'co', 'units': 'µg/m³', 'displayName': None}",280.0,,28.651699999999998,77.1581,,IN,OpenAQ v3
,2503,"Shadipur, Delhi - CPCB",4851,"{'id': 4, 'name': 'co', 'units': 'µg/m³', 'displayName': None}",200.0,,28.651699999999998,77.1581,,IN,OpenAQ v3
,2503,"Shadipur, Delhi - CPCB",4851,"{'id': 4, 'name': 'co', 'units': 'µg/m³', 'displayName': None}",230.0,,28.651699999999998,77.1581,,IN,OpenAQ v3
,2503,"Shadipur, Delhi - CPCB",4851,"{'id': 4, 'name': 'co', 'units': 'µg/m³', 'displayName': None}",310.0,,28.651699999999998,77.1581,,IN,OpenAQ v3
,2503,"Shadipur, Delhi - CPCB",4851,"{'id': 4, 'name': 'co', 'units': 'µg/m³', 'displayName': None}",300.0,,28.651699999999998,77.1581,,IN,OpenAQ v3
,2503,"Shadipur, Delhi - CPCB",4852,"{'id': 5, 'name': 'no2', 'units': 'µg/m³', 'displayName': None}",25.12,,28.651699999999998,77.1581,,IN,OpenAQ v3
,2503,"Shadipur, Delhi - CPCB",4852,"{'id': 5, 'name': 'no2', 'units': 'µg/m³', 'displayName': None}",25.02,,28.651699999999998,77.1581,,IN,OpenAQ v3
,2503,"Shadipur, Delhi - CPCB",4852,"{'id': 5, 'name': 'no2', 'units': 'µg/m³', 'displayName': None}",22.2,,28.651699999999998,77.1581,,IN,OpenAQ v3
,2503,"Shadipur, Delhi - CPCB",4852,"{'id': 5, 'name': 'no2', 'units': 'µg/m³', 'displayName': None}",24.73,,28.651699999999998,77.1581,,IN,OpenAQ v3
,2503,"Shadipur, Delhi - CPCB",4852,"{'id': 5, 'name': 'no2', 'units': 'µg/m³', 'displayName': None}",29.47,,28.651699999999998,77.1581,,IN,OpenAQ v3
,2503,"Shadipur, Delhi - CPCB",4853,"{'id': 3, 'name': 'o3', 'units': 'µg/m³', 'displayName': None}",66.4,,28.651699999999998,77.1581,,IN,OpenAQ v3
,2503,"Shadipur, Delhi - CPCB",4853,"{'id': 3, 'name': 'o3', 'units': 'µg/m³', 'displayName': None}",123.25,,28.651699999999998,77.1581,,IN,OpenAQ v3
,2503,"Shadipur, Delhi - CPCB",4853,"{'id': 3, 'name': 'o3', 'units': 'µg/m³', 'displayName': None}",111.5,,28.651699999999998,77.1581,,IN,OpenAQ v3
,2503,"Shadipur, Delhi - CPCB",4853,"{'id': 3, 'name': 'o3', 'units': 'µg/m³', 'displayName': None}",113.3,,28.651699999999998,77.1581,,IN,OpenAQ v3
,2503,"Shadipur, Delhi - CPCB",4853,"{'id': 3, 'name': 'o3', 'units': 'µg/m³', 'displayName': None}",119.8,,28.651699999999998,77.1581,,IN,OpenAQ v3
,2503,"Shadipur, Delhi - CPCB",13860,"{'id': 2, 'name': 'pm25', 'units': 'µg/m³', 'displayName': None}",446.73,,28.651699999999998,77.1581,,IN,OpenAQ v3
,2503,"Shadipur, Delhi - CPCB",13860,"{'id': 2, 'name': 'pm25', 'units': 'µg/m³', 'displayName': None}",122.72,,28.651699999999998,77.1581,,IN,OpenAQ v3
,2503,"Shadipur, Delhi - CPCB",13860,"{'id': 2, 'name': 'pm25', 'units': 'µg/m³', 'displayName': None}",119.69,,28.651699999999998,77.1581,,IN,OpenAQ v3
,2503,"Shadipur, Delhi - CPCB",13860,"{'id': 2, 'name': 'pm25', 'units': 'µg/m³', 'displayName': None}",119.69,,28.651699999999998,77.1581,,IN,OpenAQ v3
,2503,"Shadipur, Delhi - CPCB",13860,"{'id': 2, 'name': 'pm25', 'units': 'µg/m³', 'displayName': None}",119.69,,28.651699999999998,77.1581,,IN,OpenAQ v3
,2503,"Shadipur, Delhi - CPCB",13859,"{'id': 6, 'name': 'so2', 'units': 'µg/m³', 'displayName': None}",4.1,,28.651699999999998,77.1581,,IN,OpenAQ v3
,2503,"Shadipur, Delhi - CPCB",13859,"{'id': 6, 'name': 'so2', 'units': 'µg/m³', 'displayName': None}",4.5,,28.651699999999998,77.1581,,IN,OpenAQ v3
,2503,"Shadipur, Delhi - CPCB",13859,"{'id': 6, 'name': 'so2', 'units': 'µg/m³', 'displayName': None}",4.4,,28.651699999999998,77.1581,,IN,OpenAQ v3
,2503,"Shadipur, Delhi - CPCB",13859,"{'id': 6, 'name': 'so2', 'units': 'µg/m³', 'displayName': None}",4.0,,28.651699999999998,77.1581,,IN,OpenAQ v3
,2503,"Shadipur, Delhi - CPCB",13859,"{'id': 6, 'name': 'so2', 'units': 'µg/m³', 'displayName': None}",5.0,,28.651699999999998,77.1581,,IN,OpenAQ v3
,2549,IIT,5141,"{'id': 4, 'name': 'co', 'units': 'µg/m³', 'displayName': None}",450.0,,12.992513890000001,80.23744722,,IN,OpenAQ v3
,2549,IIT,5141,"{'id': 4, 'name': 'co', 'units': 'µg/m³', 'displayName': None}",420.0,,12.992513890000001,80.23744722,,IN,OpenAQ v3
,2549,IIT,5141,"{'id': 4, 'name': 'co', 'units': 'µg/m³', 'displayName': None}",880.0,,12.992513890000001,80.23744722,,IN,OpenAQ v3
,2549,IIT,5141,"{'id': 4, 'name': 'co', 'units': 'µg/m³', 'displayName': None}",780.0,,12.992513890000001,80.23744722,,IN,OpenAQ v3
,2549,IIT,5141,"{'id': 4, 'name': 'co', 'units': 'µg/m³', 'displayName': None}",830.0,,12.992513890000001,80.23744722,,IN,OpenAQ v3
,2549,IIT,5142,"{'id': 5, 'name': 'no2', 'units': 'µg/m³', 'displayName': None}",116.26,,12.992513890000001,80.23744722,,IN,OpenAQ v3
,2549,IIT,5142,"{'id': 5, 'name': 'no2', 'units': 'µg/m³', 'displayName': None}",86.98,,12.992513890000001,80.23744722,,IN,OpenAQ v3
,2549,IIT,5142,"{'id': 5, 'name': 'no2', 'units': 'µg/m³', 'displayName': None}",70.66,,12.992513890000001,80.23744722,,IN,OpenAQ v3
,2549,IIT,5142,"{'id': 5, 'name': 'no2', 'units': 'µg/m³', 'displayName': None}",58.46,,12.992513890000001,80.23744722,,IN,OpenAQ v3
,2549,IIT,5142,"{'id': 5, 'name': 'no2', 'units': 'µg/m³', 'displayName': None}",47.83,,12.992513890000001,80.23744722,,IN,OpenAQ v3
,2549,IIT,5144,"{'id': 3, 'name': 'o3', 'units': 'µg/m³', 'displayName': None}",13.81,,12.992513890000001,80.23744722,,IN,OpenAQ v3
,2549,IIT,5144,"{'id': 3, 'name': 'o3', 'units': 'µg/m³', 'displayName': None}",34.51,,12.992513890000001,80.23744722,,IN,OpenAQ v3
,2549,IIT,5144,"{'id': 3, 'name': 'o3', 'units': 'µg/m³', 'displayName': None}",34.0,,12.992513890000001,80.23744722,,IN,OpenAQ v3
,2549,IIT,5144,"{'id': 3, 'name': 'o3', 'units': 'µg/m³', 'displayName': None}",31.15,,12.992513890000001,80.23744722,,IN,OpenAQ v3
,2549,IIT,5144,"{'id': 3, 'name': 'o3', 'units': 'µg/m³', 'displayName': None}",16.77,,12.992513890000001,80.23744722,,IN,OpenAQ v3
,2549,IIT,14320,"{'id': 2, 'name': 'pm25', 'units': 'µg/m³', 'displayName': None}",21.83,,12.992513890000001,80.23744722,,IN,OpenAQ v3
,2549,IIT,14320,"{'id': 2, 'name': 'pm25', 'units': 'µg/m³', 'displayName': None}",32.0,,12.992513890000001,80.23744722,,IN,OpenAQ v3
,2549,IIT,14320,"{'id': 2, 'name': 'pm25', 'units': 'µg/m³', 'displayName': None}",26.73,,12.992513890000001,80.23744722,,IN,OpenAQ v3
,2549,IIT,14320,"{'id': 2, 'name': 'pm25', 'units': 'µg/m³', 'displayName': None}",21.69,,12.992513890000001,80.23744722,,IN,OpenAQ v3
,2549,IIT,14320,"{'id': 2, 'name': 'pm25', 'units': 'µg/m³', 'displayName': None}",21.69,,12.992513890000001,80.23744722,,IN,OpenAQ v3
,2549,IIT,14313,"{'id': 6, 'name': 'so2', 'units': 'µg/m³', 'displayName': None}",3.06,,12.992513890000001,80.23744722,,IN,OpenAQ v3
,2549,IIT,14313,"{'id': 6, 'name': 'so2', 'units': 'µg/m³', 'displayName': None}",3.0,,12.992513890000001,80.23744722,,IN,OpenAQ v3
,2549,IIT,14313,"{'id': 6, 'name': 'so2', 'units': 'µg/m³', 'displayName': None}",3.78,,12.992513890000001,80.23744722,,IN,OpenAQ v3
,2549,IIT,14313,"{'id': 6, 'name': 'so2', 'units': 'µg/m³', 'displayName': None}",2.89,,12.992513890000001,80.23744722,,IN,OpenAQ v3
,2549,IIT,14313,"{'id': 6, 'name': 'so2', 'units': 'µg/m³', 'displayName': None}",3.44,,12.992513890000001,80.23744722,,IN,OpenAQ v3
,2583,"Sector-6, Panchkula - HSPCB ",5359,"{'id': 4, 'name': 'co', 'units': 'µg/m³', 'displayName': None}",760.0,,30.7057778,76.85318056,,IN,OpenAQ v3
,2583,"Sector-6, Panchkula - HSPCB ",5359,"{'id': 4, 'name': 'co', 'units': 'µg/m³', 'displayName': None}",860.0,,30.7057778,76.85318056,,IN,OpenAQ v3
,2583,"Sector-6, Panchkula - HSPCB ",5359,"{'id': 4, 'name': 'co', 'units': 'µg/m³', 'displayName': None}",10.0,,30.7057778,76.85318056,,IN,OpenAQ v3
,2583,"Sector-6, Panchkula - HSPCB ",5359,"{'id': 4, 'name': 'co', 'units': 'µg/m³', 'displayName': None}",10.0,,30.7057778,76.85318056,,IN,OpenAQ v3
,2583,"Sector-6, Panchkula - HSPCB ",5359,"{'id': 4, 'name': 'co', 'units': 'µg/m³', 'displayName': None}",20.0,,30.7057778,76.85318056,,IN,OpenAQ v3
,2583,"Sector-6, Panchkula - HSPCB ",12328439,"{'id': 102, 'name': 'co', 'units': 'ppb', 'displayName': None}",0.23,,30.7057778,76.85318056,,IN,OpenAQ v3
,2583,"Sector-6, Panchkula - HSPCB ",12328439,"{'id': 102, 'name': 'co', 'units': 'ppb', 'displayName': None}",0.23,,30.7057778,76.85318056,,IN,OpenAQ v3
,2583,"Sector-6, Panchkula - HSPCB ",12328439,"{'id': 102, 'name': 'co', 'units': 'ppb', 'displayName': None}",0.23,,30.7057778,76.85318056,,IN,OpenAQ v3
,2583,"Sector-6, Panchkula - HSPCB ",12328439,"{'id': 102, 'name': 'co', 'units': 'ppb', 'displayName': None}",0.23,,30.7057778,76.85318056,,IN,OpenAQ v3
,2583,"Sector-6, Panchkula - HSPCB ",12328439,"{'id': 102, 'name': 'co', 'units': 'ppb', 'displayName': None}",0.23,,30.7057778,76.85318056,,IN,OpenAQ v3
,2583,"Sector-6, Panchkula - HSPCB ",12328441,"{'id': 15, 'name': 'no2', 'units': 'ppb', 'displayName': None}",21.63,,30.7057778,76.85318056,,IN,OpenAQ v3
,2583,"Sector-6, Panchkula - HSPCB ",12328441,"{'id': 15, 'name': 'no2', 'units': 'ppb', 'displayName': None}",21.5,,30.7057778,76.85318056,,IN,OpenAQ v3
,2583,"Sector-6, Panchkula - HSPCB ",12328441,"{'id': 15, 'name': 'no2', 'units': 'ppb', 'displayName': None}",20.71,,30.7057778,76.85318056,,IN,OpenAQ v3
,2583,"Sector-6, Panchkula - HSPCB ",12328441,"{'id': 15, 'name': 'no2', 'units': 'ppb', 'displayName': None}",22.12,,30.7057778,76.85318056,,IN,OpenAQ v3
,2583,"Sector-6, Panchkula - HSPCB ",12328441,"{'id': 15, 'name': 'no2', 'units': 'ppb', 'displayName': None}",21.41,,30.7057778,76.85318056,,IN,OpenAQ v3
,2583,"Sector-6, Panchkula - HSPCB ",5357,"{'id': 5, 'name': 'no2', 'units': 'µg/m³', 'displayName': None}",23.7,,30.7057778,76.85318056,,IN,OpenAQ v3
,2583,"Sector-6, Panchkula - HSPCB ",5357,"{'id': 5, 'name': 'no2', 'units': 'µg/m³', 'displayName': None}",24.53,,30.7057778,76.85318056,,IN,OpenAQ v3
,2583,"Sector-6, Panchkula - HSPCB ",5357,"{'id': 5, 'name': 'no2', 'units': 'µg/m³', 'displayName': None}",24.96,,30.7057778,76.85318056,,IN,OpenAQ v3
,2583,"Sector-6, Panchkula - HSPCB ",5357,"{'id': 5, 'name': 'no2', 'units': 'µg/m³', 'displayName': None}",22.99,,30.7057778,76.85318056,,IN,OpenAQ v3
,2583,"Sector-6, Panchkula - HSPCB ",5357,"{'id': 5, 'name': 'no2', 'units': 'µg/m³', 'displayName': None}",24.09,,30.7057778,76.85318056,,IN,OpenAQ v3
,2583,"Sector-6, Panchkula - HSPCB ",12328442,"{'id': 3, 'name': 'o3', 'units': 'µg/m³', 'displayName': None}",23.61,,30.7057778,76.85318056,,IN,OpenAQ v3
,2583,"Sector-6, Panchkula - HSPCB ",12328442,"{'id': 3, 'name': 'o3', 'units': 'µg/m³', 'displayName': None}",20.62,,30.7057778,76.85318056,,IN,OpenAQ v3
,2583,"Sector-6, Panchkula - HSPCB ",12328442,"{'id': 3, 'name': 'o3', 'units': 'µg/m³', 'displayName': None}",21.66,,30.7057778,76.85318056,,IN,OpenAQ v3
,2583,"Sector-6, Panchkula - HSPCB ",12328442,"{'id': 3, 'name': 'o3', 'units': 'µg/m³', 'displayName': None}",21.1,,30.7057778,76.85318056,,IN,OpenAQ v3
,2583,"Sector-6, Panchkula - HSPCB ",12328442,"{'id': 3, 'name': 'o3', 'units': 'µg/m³', 'displayName': None}",20.87,,30.7057778,76.85318056,,IN,OpenAQ v3
,2583,"Sector-6, Panchkula - HSPCB ",5336,"{'id': 3, 'name': 'o3', 'units': 'µg/m³', 'displayName': None}",17.42,,30.7057778,76.85318056,,IN,OpenAQ v3
,2583,"Sector-6, Panchkula - HSPCB ",5336,"{'id': 3, 'name': 'o3', 'units': 'µg/m³', 'displayName': None}",14.57,,30.7057778,76.85318056,,IN,OpenAQ v3
,2583,"Sector-6, Panchkula - HSPCB ",5336,"{'id': 3, 'name': 'o3', 'units': 'µg/m³', 'displayName': None}",13.37,,30.7057778,76.85318056,,IN,OpenAQ v3
,2583,"Sector-6, Panchkula - HSPCB ",5336,"{'id': 3, 'name': 'o3', 'units': 'µg/m³', 'displayName': None}",11.51,,30.7057778,76.85318056,,IN,OpenAQ v3
,2583,"Sector-6, Panchkula - HSPCB ",5336,"{'id': 3, 'name': 'o3', 'units': 'µg/m³', 'displayName': None}",9.31,,30.7057778,76.85318056,,IN,OpenAQ v3
,2583,"Sector-6, Panchkula - HSPCB ",5343,"{'id': 2, 'name': 'pm25', 'units': 'µg/m³', 'displayName': None}",37.14,,30.7057778,76.85318056,,IN,OpenAQ v3
,2583,"Sector-6, Panchkula - HSPCB ",5343,"{'id': 2, 'name': 'pm25', 'units': 'µg/m³', 'displayName': None}",19.16,,30.7057778,76.85318056,,IN,OpenAQ v3
,2583,"Sector-6, Panchkula - HSPCB ",5343,"{'id': 2, 'name': 'pm25', 'units': 'µg/m³', 'displayName': None}",19.28,,30.7057778,76.85318056,,IN,OpenAQ v3
,2583,"Sector-6, Panchkula - HSPCB ",5343,"{'id': 2, 'name': 'pm25', 'units': 'µg/m³', 'displayName': None}",19.28,,30.7057778,76.85318056,,IN,OpenAQ v3
,2583,"Sector-6, Panchkula - HSPCB ",5343,"{'id': 2, 'name': 'pm25', 'units': 'µg/m³', 'displayName': None}",16.0,,30.7057778,76.85318056,,IN,OpenAQ v3
,2583,"Sector-6, Panchkula - HSPCB ",12328443,"{'id': 2, 'name': 'pm25', 'units': 'µg/m³', 'displayName': None}",0.0,,30.7057778,76.85318056,,IN,OpenAQ v3
,2583,"Sector-6, Panchkula - HSPCB ",12328443,"{'id': 2, 'name': 'pm25', 'units': 'µg/m³', 'displayName': None}",0.0,,30.7057778,76.85318056,,IN,OpenAQ v3
,2583,"Sector-6, Panchkula - HSPCB ",12328443,"{'id': 2, 'name': 'pm25', 'units': 'µg/m³', 'displayName': None}",0.0,,30.7057778,76.85318056,,IN,OpenAQ v3
,2583,"Sector-6, Panchkula - HSPCB ",12328443,"{'id': 2, 'name': 'pm25', 'units': 'µg/m³', 'displayName': None}",0.0,,30.7057778,76.85318056,,IN,OpenAQ v3
,2583,"Sector-6, Panchkula - HSPCB ",12328443,"{'id': 2, 'name': 'pm25', 'units': 'µg/m³', 'displayName': None}",0.0,,30.7057778,76.85318056,,IN,OpenAQ v3
,2583,"Sector-6, Panchkula - HSPCB ",12328445,"{'id': 101, 'name': 'so2', 'units': 'ppb', 'displayName': None}",6.59,,30.7057778,76.85318056,,IN,OpenAQ v3
,2583,"Sector-6, Panchkula - HSPCB ",12328445,"{'id': 101, 'name': 'so2', 'units': 'ppb', 'displayName': None}",6.2,,30.7057778,76.85318056,,IN,OpenAQ v3
,2583,"Sector-6, Panchkula - HSPCB ",12328445,"{'id': 101, 'name': 'so2', 'units': 'ppb', 'displayName': None}",6.12,,30.7057778,76.85318056,,IN,OpenAQ v3
,2583,"Sector-6, Panchkula - HSPCB ",12328445,"{'id': 101, 'name': 'so2', 'units': 'ppb', 'displayName': None}",6.13,,30.7057778,76.85318056,,IN,OpenAQ v3
,2583,"Sector-6, Panchkula - HSPCB ",12328445,"{'id': 101, 'name': 'so2', 'units': 'ppb', 'displayName': None}",6.59,,30.7057778,76.85318056,,IN,OpenAQ v3
